商品名称,商品毛重.kg.,奶源产地,国产或进口,适用年龄.岁.,包装单位,配方,分类,段位,团购价.元.,评价量
美素,1.11,荷兰,进口,1-3岁,桶装,常规配方奶粉,牛奶粉,3段,9.9,683009
美素,1.35,荷兰,进口,1-3岁,盒装,常规配方奶粉,牛奶粉,3段,9.9,683009
惠氏,1.13,爱尔兰,进口,1-3岁,桶装,常规配方奶粉,牛奶粉,3段,30,605775
美素,1.12,荷兰,进口,0.5-1岁,桶装,常规配方奶粉,牛奶粉,2段,28,605775
诺优能,0.88,荷兰,进口,3-6岁,桶装,常规配方奶粉,牛奶粉,4段,25.8,605775
惠氏,1.16,澳洲/新西兰,国产,1-3岁,桶装,常规配方奶粉,牛奶粉,3段,19.9,605775
美赞臣,1.03,荷兰,进口,1-3岁,桶装,常规配方奶粉,牛奶粉,3段,15,605775
雅培,1.11,中国大陆,国产,1-3岁,桶装,常规配方奶粉,牛奶粉,3段,36,401183
惠氏,1.13,爱尔兰,进口,0.5-1岁,桶装,常规配方奶粉,牛奶粉,1段,36,401183
惠氏,1.41,澳洲/新西兰,国产,1-3岁,盒装,常规配方奶粉,牛奶粉,3段,40,378557
雅培,1.38,中国大陆,国产,1-3岁,盒装,常规配方奶粉,牛奶粉,3段,43,348286
诺优能,0.98,荷兰,进口,0-0.5岁,桶装,常规配方奶粉,牛奶粉,1段,43,348286
惠氏,3.73,澳洲/新西兰,国产,1-3岁,盒装,常规配方奶粉,牛奶粉,3段,43.5,340457
爱他美,0.9,德国,进口,0.5-1岁,桶装,常规配方奶粉,牛奶粉,2段,45,338432
惠氏,1.41,澳洲/新西兰,国产,3-6岁,盒装,常规配方奶粉,牛奶粉,4段,45,338431
美素,0.54,荷兰,进口,0-0.5岁,桶装,常规配方奶粉,牛奶粉,1段,45,338429
惠氏,1.12,爱尔兰,进口,0.5-1岁,桶装,常规配方奶粉,牛奶粉,2段,47,338428
爱他美,0.9,德国,进口,0-0.5岁,桶装,常规配方奶粉,牛奶粉,1段,45,338428
雅培,1.08,中国大陆,国产,3-6岁,桶装,常规配方奶粉,牛奶粉,4段,47,257920
惠氏,1.09,澳洲/新西兰,国产,1-3岁,桶装,常规配方奶粉,牛奶粉,3段,49,223077
美素,1.12,荷兰,进口,0-0.5岁,桶装,常规配方奶粉,牛奶粉,1段,49,223077
合生元,1.2,其它　,进口,1-3岁,桶装,常规配方奶粉,牛奶粉,3段,50,190565
美赞臣,1.03,荷兰,进口,1-3岁,桶装,常规配方奶粉,牛奶粉,3段,49,190565
合生元,1.18,其它　,进口,1-3岁,桶装,常规配方奶粉,牛奶粉,3段,53,177168
爱睿惠,1.09,澳洲/新西兰,进口,1-3岁,桶装,常规配方奶粉,牛奶粉,3段,50.5,177168
贝因美,1.22,爱尔兰,国产,0-0.5岁,桶装,常规配方奶粉,牛奶粉,1段,53,151379
惠氏,1.4,澳洲/新西兰,国产,0.5-1岁,盒装,常规配方奶粉,牛奶粉,2段,53,151379
雅培,1.12,中国大陆,国产,0.5-1岁,桶装,常规配方奶粉,牛奶粉,2段,54,139487
雅培,1.38,中国大陆,国产,3-6岁,盒装,常规配方奶粉,牛奶粉,4段,54,139487
贝因美,1.23,中国大陆,国产,0.5-1岁,桶装,常规配方奶粉,牛奶粉,2段,56,113008
多美滋,1.35,澳洲/新西兰,国产,1-3岁,盒装,常规配方奶粉,牛奶粉,3段,59,113007
贝因美,1.12,爱尔兰,国产,1-3岁,桶装,常规配方奶粉,牛奶粉,3段,59,113007
惠氏,0.51,爱尔兰,进口,1-3岁,桶装,常规配方奶粉,牛奶粉,3段,60,108587
美赞臣,1.05,荷兰,进口,0.5-1岁,桶装,常规配方奶粉,牛奶粉,2段,60,108587
雅培,1.07,中国大陆,国产,0-0.5岁,桶装,常规配方奶粉,牛奶粉,1段,62,91537
贝因美,1.23,中国大陆,国产,0-0.5岁,桶装,常规配方奶粉,牛奶粉,1段,66,88900
诺优能,1.08,荷兰,进口,3-6岁,桶装,常规配方奶粉,牛奶粉,4段,66,88900
君乐宝,1.89,中国大陆,国产,0.5-1岁,盒装,常规配方奶粉,牛奶粉,2段,68,57630
雀巢,1.07,其它　,国产,3-6岁,桶装,常规配方奶粉,牛奶粉,4段,68,57626
雀巢,0.45,其它　,国产,1-3岁,盒装,常规配方奶粉,牛奶粉,3段,68,57626
贝因美,0.9,中国大陆,国产,1-3岁,桶装,常规配方奶粉,牛奶粉,3段,69,56587
雅培,0.8,美国,进口,1-3岁,桶装,常规配方奶粉,牛奶粉,3段,68,56587
雅培,0.47,中国大陆,国产,3-6岁,盒装,常规配方奶粉,牛奶粉,4段,69,52785
美赞臣,1.35,荷兰,国产,0-0.5岁,盒装,常规配方奶粉,牛奶粉,1段,69,51495
雅培,0.47,中国大陆,国产,0.5-1岁,盒装,常规配方奶粉,牛奶粉,2段,69,51495
伊利,1.39,澳洲/新西兰,国产,0.5-1岁,盒装,常规配方奶粉,牛奶粉,2段,70,46472
雀巢,0.51,荷兰,进口,0.5-1岁,桶装,特殊配方奶粉,牛奶粉,1段,70,41698
惠氏,0.98,其它　,进口,0.5-1岁,桶装,常规配方奶粉,牛奶粉,1段,72,41483
御宝,0.9,中国大陆,国产,1-3岁,桶装,常规配方奶粉,羊奶粉,3段,76,38403
雅培,1.36,中国大陆,国产,0-0.5岁,盒装,常规配方奶粉,牛奶粉,1段,76,38285
贝因美,0.5,中国大陆,国产,1-3岁,盒装,常规配方奶粉,牛奶粉,3段,76,36472
惠氏,1.16,爱尔兰,进口,1-3岁,桶装,常规配方奶粉,牛奶粉,3段,79,35306
美赞臣,0.48,荷兰,国产,0.5-1岁,盒装,常规配方奶粉,牛奶粉,2段,79,34979
雅士利,1.41,澳洲/新西兰,国产,0.5-1岁,盒装,常规配方奶粉,牛奶粉,2段,79,34581
君乐宝,1.02,中国大陆,国产,0-0.5岁,桶装,常规配方奶粉,牛奶粉,1段,79,33435
雅培,0.55,爱尔兰,进口,1-3岁,桶装,常规配方奶粉,牛奶粉,3段,79,33435
多美滋,1.1,澳洲/新西兰,国产,0-0.5岁,桶装,常规配方奶粉,牛奶粉,1段,81,32444
合生元,1.18,法国,进口,1-3岁,桶装,常规配方奶粉,牛奶粉,3段,84,32412
君乐宝,1.06,中国大陆,国产,0.5-1岁,桶装,常规配方奶粉,牛奶粉,2段,84,32279
惠氏,0.515,爱尔兰,进口,0.5-1岁,桶装,常规配方奶粉,牛奶粉,2段,85,31860
雅培,1.09,其它　,进口,0.5-1岁,桶装,有机奶粉,牛奶粉,2段,85,31809
伊利,0.45,澳洲/新西兰,国产,0.5-1岁,盒装,常规配方奶粉,牛奶粉,2段,85,31421
合生元,1.18,其它　,进口,0.5-1岁,桶装,常规配方奶粉,牛奶粉,2段,86,31009
特福芬,0.6,德国,进口,0.5-1岁,盒装,有机奶粉,牛奶粉,2段,87,28626
圣元,1.2,澳洲/新西兰,国产,1-3岁,盒装,常规配方奶粉,牛奶粉,3段,86,28626
合生元,1.18,法国,进口,1-3岁,桶装,常规配方奶粉,牛奶粉,3段,88,25922
雅士利,1.12,澳洲/新西兰,国产,0.5-1岁,桶装,常规配方奶粉,牛奶粉,2段,88,25895
伊利,1.25,其它　,国产,1-3岁,盒装,常规配方奶粉,牛奶粉,3段,88,25243
惠氏,1.2,其它　,国产,3-6岁,盒装,常规配方奶粉,牛奶粉,4段,89,24546
完达山,1.14,中国大陆,国产,1-3岁,桶装,常规配方奶粉,牛奶粉,3段,90,24275
伊利,0.47,澳洲/新西兰,国产,1-3岁,盒装,常规配方奶粉,牛奶粉,3段,92,23204
佳贝艾特,0.8,荷兰,进口,0.5-1岁,桶装,常规配方奶粉,羊奶粉,2段,92,23203
合生元,0.9,其它　,进口,0-0.5岁,桶装,常规配方奶粉,牛奶粉,1段,93,21769
飞鹤,1.5,中国大陆,国产,1-3岁,盒装,常规配方奶粉,牛奶粉,3段,93,21768
君乐宝,1.18,中国大陆,国产,0-0.5岁,桶装,常规配方奶粉,牛奶粉,1段,93,21601
君乐宝,0.22,中国大陆,国产,0.5-1岁,桶装,常规配方奶粉,牛奶粉,2段,95,18622
贝因美,1.1,其它　,国产,0-0.5岁,桶装,常规配方奶粉,牛奶粉,1段,95,18622
雅培,0.5,其它　,进口,1-3岁,桶装,常规配方奶粉,牛奶粉,3段,97,18127
羊羊,0.8,中国大陆,国产,1-3岁,桶装,常规配方奶粉,羊奶粉,3段,96,18127
圣元,0.45,澳洲/新西兰,国产,1-3岁,盒装,常规配方奶粉,牛奶粉,3段,95,18127
特福芬,1.8,德国,进口,1-3岁,盒装,有机奶粉,牛奶粉,3段,98,17020
箱装奶粉,6.82,荷兰,国产,1-3岁,箱装,常规配方奶粉,牛奶粉,3段,97.2,17020
完达山,0.41,中国大陆,国产,3-6岁,袋装,常规配方奶粉,牛奶粉,4段,97,17020
雀巢,1.07,其它　,进口,0-0.5岁,桶装,常规配方奶粉,牛奶粉,1段,99,16995
多美滋,1.29,其它　,国产,1-3岁,盒装,常规配方奶粉,牛奶粉,3段,99,16995
君乐宝,0.47,中国大陆,国产,1-3岁,盒装,常规配方奶粉,牛奶粉,3段,99,16995
惠氏,0.9,其它　,国产,1-3岁,桶装,常规配方奶粉,牛奶粉,3段,99,15881
雅培,1.2,其它　,国产,3-6岁,盒装,常规配方奶粉,牛奶粉,4段,99,15452
惠氏,1,其它　,进口,0.5-1岁,桶装,常规配方奶粉,牛奶粉,2段,99,13556
伊利,1.2,澳洲/新西兰,国产,1-3岁,盒装,常规配方奶粉,牛奶粉,3段,100,13141
伊利,0.8,澳洲/新西兰,国产,1-3岁,桶装,常规配方奶粉,牛奶粉,3段,100,12693
多美滋,0.47,澳洲/新西兰,国产,1-3岁,盒装,常规配方奶粉,牛奶粉,3段,105,12292
圣元,1.1,澳洲/新西兰,国产,3-6岁,桶装,常规配方奶粉,牛奶粉,4段,105,10940
合生元,1.2,其它　,进口,3-6岁,桶装,常规配方奶粉,牛奶粉,4段,105,10939
爱睿惠,1.09,澳洲/新西兰,进口,1-3岁,桶装,常规配方奶粉,牛奶粉,3段,106,10938
贝因美,0.5,爱尔兰,国产,1-3岁,盒装,常规配方奶粉,牛奶粉,3段,108,10881
多美滋,1.13,澳洲/新西兰,国产,1-3岁,桶装,常规配方奶粉,牛奶粉,3段,106.2,10881
雀巢,1.08,其它　,进口,0.5-1岁,桶装,常规配方奶粉,牛奶粉,2段,109,10880
飞鹤,0.46,中国大陆,国产,0.5-1岁,盒装,常规配方奶粉,牛奶粉,2段,109,10424
贝因美,0.51,爱尔兰,国产,0-0.5岁,盒装,常规配方奶粉,牛奶粉,1段,109,10423
圣元,1.2,澳洲/新西兰,国产,3-6岁,盒装,常规配方奶粉,牛奶粉,4段,110,9992
HiPP喜宝,1.017,法国,进口,1-3岁,桶装,常规配方奶粉,牛奶粉,3段,109,9992
合生元,0.9,法国,进口,0-0.5岁,桶装,常规配方奶粉,牛奶粉,1段,110,9925
美素,3.33,荷兰,进口,1-3岁,盒装,常规配方奶粉,牛奶粉,3段,110,9925
雅培,0.9,其它　,国产,1-3岁,桶装,常规配方奶粉,牛奶粉,3段,110,9314
君乐宝,0.8,中国大陆,国产,1-3岁,桶装,常规配方奶粉,牛奶粉,3段,110,9194
美赞臣,1.5,荷兰,国产,3-6岁,盒装,常规配方奶粉,牛奶粉,4段,112,7693
飞鹤,0.94,中国大陆,国产,0-0.5岁,桶装,常规配方奶粉,牛奶粉,1段,111.8,7693
美赞臣,1.5,荷兰,国产,1-3岁,盒装,常规配方奶粉,牛奶粉,3段,115,7068
完达山,0.47,中国大陆,国产,3-6岁,盒装,常规配方奶粉,牛奶粉,4段,115,7067
惠氏,0.9,其它　,进口,1-3岁,桶装,常规配方奶粉,牛奶粉,3段,118,6892
惠氏,1.5,爱尔兰,进口,1-3岁,桶装,常规配方奶粉,牛奶粉,3段,119,6825
贝因美,0.55,其它　,国产,1-3岁,盒装,常规配方奶粉,牛奶粉,3段,118,6825
雅培,1.2,其它　,进口,1-3岁,桶装,有机奶粉,牛奶粉,3段,119,5997
佳贝艾特,0.4,荷兰,进口,0.5-1岁,桶装,常规配方奶粉,羊奶粉,2段,119,5422
贝因美,1.13,中国大陆,国产,0.5-1岁,桶装,常规配方奶粉,牛奶粉,2段,119,4269
合生元,1.5,其它　,进口,1-3岁,桶装,常规配方奶粉,牛奶粉,3段,119,4232
美赞臣,1.2,其它　,国产,3-6岁,盒装,常规配方奶粉,牛奶粉,4段,119,3707
箱装奶粉,6.8,荷兰,国产,0.5-1岁,箱装,常规配方奶粉,牛奶粉,2段,119,3698
御宝,0.9,中国大陆,国产,0-0.5岁,桶装,常规配方奶粉,羊奶粉,1段,125,3647
惠氏,1.2,其它　,国产,0.5-1岁,盒装,常规配方奶粉,牛奶粉,2段,119,3647
圣元,1.1,澳洲/新西兰,国产,1-3岁,桶装,常规配方奶粉,牛奶粉,3段,126,2765
贝因美,0.554,其它　,国产,0-0.5岁,盒装,常规配方奶粉,牛奶粉,1段,126,2765
美素,1.3,其它　,进口,0.5-1岁,盒装,常规配方奶粉,牛奶粉,2段,125,2765
欢恩宝,1,荷兰,国产,1-3岁,桶装,常规配方奶粉,羊奶粉,3段,125,2765
澳优,0.8,荷兰,国产,3-6岁,桶装,常规配方奶粉,牛奶粉,4段,129,2727
惠氏,0.9,其它　,国产,0.5-1岁,桶装,常规配方奶粉,牛奶粉,2段,129,2725
圣元,1.1,澳洲/新西兰,国产,0-0.5岁,桶装,常规配方奶粉,牛奶粉,1段,129,2725
惠氏,0.9,其它　,进口,0.5-1岁,桶装,常规配方奶粉,牛奶粉,2段,129,2725
君乐宝,0.8,中国大陆,国产,3-6岁,桶装,常规配方奶粉,牛奶粉,4段,130,2469
雅培,0.9,其它　,国产,1-3岁,桶装,常规配方奶粉,牛奶粉,3段,133,2462
伊利,0.8,澳洲/新西兰,国产,0.5-1岁,桶装,常规配方奶粉,牛奶粉,2段,132,2462
佳贝艾特,0.8,荷兰,进口,0-0.5岁,桶装,常规配方奶粉,羊奶粉,1段,134,2448
特福芬,0.6,德国,进口,1-3岁,盒装,有机奶粉,牛奶粉,3段,134,2420
辉山,0.47,中国大陆,国产,1-3岁,盒装,常规配方奶粉,牛奶粉,3段,134,2412
雅培,1.09,中国大陆,国产,0.5-1岁,桶装,常规配方奶粉,牛奶粉,2段,134,2316
贝因美,1,其它　,国产,1-3岁,桶装,常规配方奶粉,牛奶粉,3段,135,2296
贝因美,1.5,爱尔兰,进口,1-3岁,桶装,常规配方奶粉,牛奶粉,3段,135,2110
贝因美,0.49,中国大陆,国产,3-6岁,盒装,常规配方奶粉,牛奶粉,4段,136,2065
澳优,0.8,荷兰,国产,1-3岁,盒装,常规配方奶粉,牛奶粉,3段,138,2058
圣元,0.9,澳洲/新西兰,国产,0.5-1岁,桶装,常规配方奶粉,牛奶粉,2段,138,2058
飞鹤,0.4,中国大陆,国产,1-3岁,盒装,常规配方奶粉,牛奶粉,3段,138,1950
亨氏,1.09,英国,进口,1-3岁,桶装,常规配方奶粉,牛奶粉,3段,138,1949
爱睿惠,0.95,澳洲/新西兰,进口,1-3岁,桶装,常规配方奶粉,牛奶粉,3段,138,1949
圣元,1.1,澳洲/新西兰,国产,1-3岁,桶装,常规配方奶粉,牛奶粉,3段,138,1829
伊利,1.2,澳洲/新西兰,国产,0.5-1岁,盒装,常规配方奶粉,牛奶粉,2段,138,1809
君乐宝,0.48,中国大陆,国产,0.5-1岁,盒装,常规配方奶粉,牛奶粉,2段,138,1809
君乐宝,1.6,中国大陆,国产,1-3岁,盒装,常规配方奶粉,牛奶粉,3段,138,1782
惠氏,1.1,爱尔兰,进口,0-0.5岁,桶装,常规配方奶粉,牛奶粉,1段,138,1768
雅士利,0.6,澳洲/新西兰,国产,0.5-1岁,盒装,常规配方奶粉,牛奶粉,2段,139,1670
特福芬,0.6,德国,进口,1-3岁,箱装,有机奶粉,牛奶粉,3段,139,1665
咔哇熊,1.09,澳洲/新西兰,进口,1-3岁,桶装,常规配方奶粉,牛奶粉,3段,139,1651
英氏,0.9,其它　,进口,0.5-1岁,桶装,常规配方奶粉,牛奶粉,2段,139,1645
飞鹤,1.11,中国大陆,国产,0.5-1岁,桶装,常规配方奶粉,牛奶粉,2段,139,1608
惠氏,0.9,其它　,进口,0-0.5岁,桶装,常规配方奶粉,牛奶粉,1段,139,1608
特福芬,0.6,德国,进口,0-0.5岁,盒装,有机奶粉,牛奶粉,1段,139,1608
HiPP喜宝,1.017,法国,进口,0.5-1岁,桶装,常规配方奶粉,牛奶粉,2段,139.5,1577
伊利,0.5,其它　,国产,3-6岁,盒装,常规配方奶粉,牛奶粉,4段,139.5,1573
美素,0.4,其它　,进口,0.5-1岁,桶装,常规配方奶粉,牛奶粉,2段,139.5,1573
贝因美,1.1,中国大陆,国产,0.5-1岁,盒装,常规配方奶粉,牛奶粉,2段,141,1559
明一,1.12,澳洲/新西兰,国产,1-3岁,桶装,常规配方奶粉,牛奶粉,3段,141,1559
伊利,0.8,澳洲/新西兰,国产,1-3岁,桶装,常规配方奶粉,牛奶粉,3段,140,1559
贝因美,1.1,中国大陆,国产,3-6岁,桶装,常规配方奶粉,牛奶粉,4段,140,1559
辉山,0.47,中国大陆,国产,0.5-1岁,盒装,常规配方奶粉,牛奶粉,2段,141,1510
圣元,2,法国,国产,1-3岁,盒装,常规配方奶粉,牛奶粉,3段,143,1507
飞鹤,0.5,中国大陆,国产,1-3岁,盒装,常规配方奶粉,牛奶粉,3段,142,1507
飞鹤,0.7,中国大陆,国产,1-3岁,桶装,常规配方奶粉,牛奶粉,3段,141,1507
美素,0.9,其它　,进口,0.5-1岁,桶装,常规配方奶粉,牛奶粉,2段,143,1464
惠氏,1.2,其它　,国产,3-6岁,盒装,常规配方奶粉,牛奶粉,4段,144,1454
雀巢,0.4,其它　,进口,0-0.5岁,桶装,常规配方奶粉,牛奶粉,2段,145,1444
澳优,0.4,中国大陆,国产,1-3岁,盒装,常规配方奶粉,牛奶粉,3段,145,1444
飞鹤,0.9,中国大陆,国产,1-3岁,桶装,常规配方奶粉,牛奶粉,3段,144,1444
圣元,0.5,法国,国产,0-0.5岁,盒装,常规配方奶粉,牛奶粉,1段,145,1440
贝因美,1,中国大陆,国产,0.5-1岁,桶装,常规配方奶粉,牛奶粉,2段,145,1438
佳贝艾特,0.4,荷兰,进口,0-0.5岁,桶装,常规配方奶粉,羊奶粉,1段,146,1429
美赞臣,1.37,其它　,国产,1-3岁,盒装,常规配方奶粉,牛奶粉,3段,146,1421
完达山,1.13,中国大陆,国产,0.5-1岁,桶装,常规配方奶粉,牛奶粉,2段,146,1421
惠氏,0.9,其它　,进口,0-0.5岁,桶装,常规配方奶粉,牛奶粉,1段,146,1407
合生元,0.9,法国,进口,0.5-1岁,桶装,常规配方奶粉,牛奶粉,2段,148,1375
英氏,0.9,其它　,进口,1-3岁,桶装,常规配方奶粉,牛奶粉,3段,147,1375
圣元,1.1,澳洲/新西兰,国产,0.5-1岁,桶装,常规配方奶粉,牛奶粉,2段,148,1364
美素,0.9,其它　,进口,1-3岁,桶装,常规配方奶粉,牛奶粉,3段,148,1361
贝因美,1.1,其它　,国产,1-3岁,桶装,常规配方奶粉,牛奶粉,3段,148,1361
惠氏,1.2,其它　,进口,1-3岁,盒装,常规配方奶粉,牛奶粉,3段,149,1324
完达山,1.1,中国大陆,国产,0-0.5岁,桶装,常规配方奶粉,牛奶粉,1段,148,1324
雅士利,0.7,其它　,国产,1-3岁,袋装,常规配方奶粉,牛奶粉,3段,148,1324
雀巢,0.9,其它　,国产,1-3岁,桶装,常规配方奶粉,牛奶粉,3段,148,1324
迈高,0.8,澳洲/新西兰,进口,1-3岁,桶装,常规配方奶粉,牛奶粉,3段,149,1296
贝因美,0.5,爱尔兰,国产,0.5-1岁,盒装,常规配方奶粉,牛奶粉,2段,149,1286
雅士利,0.7,其它　,国产,1-3岁,袋装,常规配方奶粉,牛奶粉,3段,149,1286
多美滋,0.9,其它　,国产,1-3岁,桶装,常规配方奶粉,牛奶粉,3段,149,1280
雀巢,1.2,其它　,国产,1-3岁,盒装,常规配方奶粉,牛奶粉,3段,149,1266
雅士利,0.9,其它　,国产,1-3岁,桶装,常规配方奶粉,牛奶粉,3段,149,1257
贝因美,1,中国大陆,国产,0.5-1岁,桶装,常规配方奶粉,牛奶粉,2段,149,1231
合生元,0.9,法国,进口,3-6岁,桶装,常规配方奶粉,牛奶粉,4段,149,1217
雅士利,1.12,澳洲/新西兰,国产,0-0.5岁,桶装,常规配方奶粉,牛奶粉,1段,149,1214
雅士利,1.2,其它　,国产,1-3岁,盒装,常规配方奶粉,牛奶粉,3段,150,1210
澳优,0.8,中国大陆,国产,1-3岁,桶装,常规配方奶粉,牛奶粉,3段,149,1210
惠氏,1.4,荷兰,进口,0.5-1岁,桶装,常规配方奶粉,牛奶粉,3段,150,1201
佳贝艾特,0.97,荷兰,进口,0-0.5岁,桶装,常规配方奶粉,羊奶粉,1段,150,1199
惠氏,1.2,其它　,国产,1-3岁,盒装,常规配方奶粉,牛奶粉,3段,150,1199
君乐宝,0.8,中国大陆,国产,3-6岁,桶装,常规配方奶粉,牛奶粉,4段,151,1190
美赞臣,1.5,荷兰,国产,1-3岁,盒装,常规配方奶粉,牛奶粉,3段,151.5,1187
雅士利,1.5,中国大陆,国产,1-3岁,盒装,常规配方奶粉,牛奶粉,3段,152,1174
诺优能,2.4,荷兰,进口,1-3岁,桶装,常规配方奶粉,牛奶粉,3段,152,1159
澳优,0.8,荷兰,进口,1-3岁,桶装,常规配方奶粉,牛奶粉,3段,153,1129
惠氏,0.9,其它　,进口,1-3岁,桶装,常规配方奶粉,牛奶粉,3段,153,1127
合生元,2,法国,进口,1-3岁,桶装,常规配方奶粉,牛奶粉,3段,153,1126
惠氏,1,其它　,进口,0-0.5岁,桶装,常规配方奶粉,牛奶粉,1段,153,1126
雀巢,1,其它　,国产,3-6岁,桶装,常规配方奶粉,牛奶粉,4段,153.75,1121
伊利,1,其它　,国产,1-3岁,桶装,常规配方奶粉,牛奶粉,3段,154,1120
特福芬,1.8,德国,进口,0-0.5岁,盒装,有机奶粉,牛奶粉,1段,154,1109
伊利,0.4,澳洲/新西兰,国产,3-6岁,盒装,常规配方奶粉,牛奶粉,4段,154.5,1091
伊利,4.8,澳洲/新西兰,国产,1-3岁,箱装,常规配方奶粉,牛奶粉,3段,155,1075
伊利,0.8,澳洲/新西兰,国产,1-3岁,桶装,常规配方奶粉,牛奶粉,3段,155,1062
圣元,1.2,澳洲/新西兰,国产,1-3岁,袋装,常规配方奶粉,牛奶粉,3段,155,1060
惠氏,1.1,爱尔兰,进口,0.5-1岁,桶装,常规配方奶粉,牛奶粉,2段,155,1040
澳优,0.8,荷兰,国产,0.5-1岁,盒装,常规配方奶粉,牛奶粉,2段,155,1040
伊利,0.8,澳洲/新西兰,国产,0.5-1岁,桶装,常规配方奶粉,牛奶粉,2段,155,1039
贝因美,1,其它　,国产,1-3岁,桶装,常规配方奶粉,牛奶粉,3段,156,1031
伊利,1.2,澳洲/新西兰,国产,1-3岁,桶装,常规配方奶粉,牛奶粉,3段,156,1024
雅培,1.2,其它　,国产,0-0.5岁,盒装,常规配方奶粉,牛奶粉,1段,156,1014
多美滋,0.9,其它　,国产,1-3岁,桶装,常规配方奶粉,牛奶粉,3段,158,1009
贝因美,1,其它　,国产,1-3岁,桶装,常规配方奶粉,牛奶粉,3段,156,1009
佳贝艾特,0.15,荷兰,进口,0.5-1岁,盒装,常规配方奶粉,羊奶粉,2段,156,1009
贝因美,1.1,中国大陆,国产,0.5-1岁,桶装,常规配方奶粉,牛奶粉,2段,158,1008
宝乐滋,0.9,中国大陆,国产,1-3岁,桶装,常规配方奶粉,羊奶粉,3段,158,1002
伊利,1.2,澳洲/新西兰,国产,1-3岁,盒装,常规配方奶粉,牛奶粉,3段,159,979
诺优能,1.6,荷兰,进口,1-3岁,桶装,常规配方奶粉,牛奶粉,3段,159,974
合生元,0.9,法国,进口,0.5-1岁,桶装,常规配方奶粉,牛奶粉,2段,159,974
合生元,1.5,其它　,进口,0-0.5岁,桶装,常规配方奶粉,牛奶粉,1段,160,964
飞鹤,1.11,中国大陆,国产,0-0.5岁,桶装,常规配方奶粉,牛奶粉,1段,160,958
君乐宝,0.8,中国大陆,国产,1-3岁,桶装,常规配方奶粉,牛奶粉,3段,161,951
惠氏,0.9,其它　,进口,0.5-1岁,桶装,常规配方奶粉,牛奶粉,2段,162,937
美赞臣,2.2,荷兰,国产,1-3岁,盒装,常规配方奶粉,牛奶粉,3段,162,936
雅培,1.2,其它　,国产,0.5-1岁,箱装,常规配方奶粉,牛奶粉,2段,163,930
惠氏,0.9,其它　,进口,0-0.5岁,桶装,常规配方奶粉,牛奶粉,1段,162.5,930
伊利,1.2,澳洲/新西兰,国产,0-0.5岁,盒装,常规配方奶粉,牛奶粉,1段,165,927
美赞臣,1.36,其它　,国产,0-0.5岁,盒装,常规配方奶粉,牛奶粉,1段,165,926
完达山,1,中国大陆,国产,1-3岁,桶装,常规配方奶粉,牛奶粉,3段,165,918
飞鹤,1.11,中国大陆,国产,0.5-1岁,桶装,常规配方奶粉,牛奶粉,2段,165,906
贝因美,1,中国大陆,国产,1-3岁,桶装,常规配方奶粉,牛奶粉,3段,166,898
完达山,0.41,中国大陆,国产,0-0.5岁,袋装,常规配方奶粉,牛奶粉,1段,166,898
伊利,0.8,澳洲/新西兰,国产,1-3岁,桶装,常规配方奶粉,牛奶粉,3段,165,898
美赞臣,1,荷兰,进口,1-3岁,桶装,常规配方奶粉,牛奶粉,3段,168,895
伊利,0.9,澳洲/新西兰,国产,1-3岁,桶装,常规配方奶粉,牛奶粉,3段,168,895
辉山,1,中国大陆,国产,1-3岁,桶装,常规配方奶粉,牛奶粉,3段,167,895
美赞臣,0.6,其它　,国产,1-3岁,桶装,常规配方奶粉,牛奶粉,3段,167,895
惠氏,1.2,其它　,进口,0-0.5岁,盒装,常规配方奶粉,牛奶粉,1段,168,883
康维多,1,荷兰,进口,1-3岁,桶装,常规配方奶粉,牛奶粉,3段,168,871
澳优,0.8,荷兰,国产,1-3岁,桶装,常规配方奶粉,牛奶粉,3段,169,867
惠氏,0.9,其它　,进口,3-6岁,桶装,常规配方奶粉,牛奶粉,4段,169,860
圣元,0.47,澳洲/新西兰,国产,0-0.5岁,盒装,常规配方奶粉,牛奶粉,1段,169,860
康维多,1,荷兰,进口,1-3岁,桶装,常规配方奶粉,羊奶粉,3段,169,860
诺优能,0.8,荷兰,进口,1-3岁,桶装,常规配方奶粉,牛奶粉,3段,169,855
圣元,1.1,澳洲/新西兰,国产,0-0.5岁,桶装,常规配方奶粉,牛奶粉,1段,169,855
惠氏,1.2,其它　,国产,0.5-1岁,盒装,常规配方奶粉,牛奶粉,2段,172,850
羊羊,0.8,中国大陆,国产,1-3岁,桶装,常规配方奶粉,羊奶粉,3段,170,850
完达山,1.032,中国大陆,国产,1-3岁,桶装,常规配方奶粉,羊奶粉,3段,173,831
贝因美,0.55,其它　,国产,0.5-1岁,盒装,常规配方奶粉,牛奶粉,2段,173,831
佳贝艾特,1,荷兰,进口,0.5-1岁,桶装,常规配方奶粉,羊奶粉,2段,172,831
合生元,0.5,法国,进口,0-0.5岁,桶装,常规配方奶粉,牛奶粉,1段,174,814
纽贝滋,1,澳洲/新西兰,国产,1-3岁,桶装,常规配方奶粉,羊奶粉,3段,175,810
欢恩宝,1,荷兰,国产,1-3岁,桶装,常规配方奶粉,羊奶粉,3段,175,810
伊利,0.4,澳洲/新西兰,国产,3-6岁,盒装,常规配方奶粉,牛奶粉,4段,174,810
贝因美,1.1,中国大陆,国产,0-0.5岁,桶装,常规配方奶粉,牛奶粉,1段,175,808
美赞臣,1,荷兰,进口,1-3岁,桶装,常规配方奶粉,牛奶粉,3段,176,806
伊利,0.9,其它　,国产,1-3岁,桶装,常规配方奶粉,牛奶粉,3段,176,797
伊利,0.8,澳洲/新西兰,国产,1-3岁,桶装,常规配方奶粉,牛奶粉,3段,176,796
君乐宝,1.06,中国大陆,国产,1-3岁,桶装,常规配方奶粉,牛奶粉,3段,176,783
雅培,1.08,其它　,国产,1-3岁,桶装,常规配方奶粉,牛奶粉,3段,176,783
多美滋,0.47,澳洲/新西兰,国产,0.5-1岁,盒装,常规配方奶粉,牛奶粉,2段,176,776
特福芬,1.8,德国,进口,1-3岁,箱装,有机奶粉,牛奶粉,3段,176,776
明一,6.72,澳洲/新西兰,国产,1-3岁,箱装,常规配方奶粉,牛奶粉,3段,176,771
雀巢,0.5,其它　,进口,0-0.5岁,桶装,特殊配方奶粉,牛奶粉,3段,176,771
伊利,0.9,澳洲/新西兰,国产,0-0.5岁,桶装,常规配方奶粉,牛奶粉,1段,178,761
御宝,1,其它　,国产,0.5-1岁,桶装,常规配方奶粉,羊奶粉,2段,178,759
关山,1,中国大陆,国产,1-3岁,桶装,常规配方奶粉,羊奶粉,3段,178,759
西谱,1.1,其它　,国产,1-3岁,桶装,常规配方奶粉,羊奶粉,3段,178,756
迈高,0.8,澳洲/新西兰,进口,1-3岁,桶装,常规配方奶粉,牛奶粉,3段,178.2,736
雀巢,0.4,荷兰,进口,0-0.5岁,桶装,特殊配方奶粉,牛奶粉,1段,178,736
羊羊,0.8,中国大陆,国产,0.5-1岁,桶装,常规配方奶粉,羊奶粉,2段,179,732
美素,1.08,荷兰,进口,1-3岁,桶装,常规配方奶粉,牛奶粉,3段,179,729
君乐宝,0.8,中国大陆,国产,3-6岁,桶装,常规配方奶粉,牛奶粉,4段,179,719
御宝,0.4,中国大陆,国产,1-3岁,盒装,常规配方奶粉,羊奶粉,3段,179,713
飞鹤,1,中国大陆,国产,1-3岁,桶装,常规配方奶粉,牛奶粉,3段,180,694
惠氏,0.9,其它　,国产,1-3岁,桶装,常规配方奶粉,牛奶粉,3段,179,694
美赞臣,1.2,其它　,国产,0.5-1岁,箱装,常规配方奶粉,牛奶粉,2段,180,693
美赞臣,1,荷兰,进口,1-3岁,桶装,常规配方奶粉,牛奶粉,3段,180,693
飞鹤,1.5,中国大陆,国产,0-0.5岁,盒装,常规配方奶粉,牛奶粉,1段,182,692
飞鹤,0.4,中国大陆,国产,3-6岁,盒装,常规配方奶粉,牛奶粉,4段,182,692
美赞臣,0.4,其它　,国产,0-0.5岁,盒装,常规配方奶粉,牛奶粉,1段,180,692
完达山,1.12,中国大陆,国产,0-0.5岁,桶装,常规配方奶粉,牛奶粉,1段,184,678
羊羊,0.8,中国大陆,国产,0-0.5岁,桶装,常规配方奶粉,羊奶粉,1段,184.5,671
伊利,0.8,澳洲/新西兰,国产,0.5-1岁,桶装,常规配方奶粉,牛奶粉,2段,184.5,671
合生元,0.9,法国,进口,1-3岁,桶装,常规配方奶粉,牛奶粉,3段,185,670
安满,1.2,澳洲/新西兰,进口,1-3岁,桶装,常规配方奶粉,牛奶粉,3段,185,655
施恩,0.9,其它　,国产,1-3岁,桶装,常规配方奶粉,牛奶粉,3段,185,654
关山,1,中国大陆,国产,1-3岁,桶装,常规配方奶粉,羊奶粉,3段,185,651
喜安智,1,澳洲/新西兰,进口,1-3岁,桶装,常规配方奶粉,牛奶粉,3段,188,649
惠氏,2,其它　,国产,1-3岁,桶装,常规配方奶粉,牛奶粉,3段,188,649
合生元,2,法国,进口,1-3岁,桶装,常规配方奶粉,牛奶粉,3段,187,649
君乐宝,1.06,中国大陆,国产,3-6岁,桶装,常规配方奶粉,牛奶粉,4段,188,644
惠氏,0.9,其它　,国产,0.5-1岁,桶装,常规配方奶粉,牛奶粉,2段,188,644
美赞臣,1,其它　,国产,0-0.5岁,桶装,常规配方奶粉,牛奶粉,1段,189,635
伊利,1,其它　,国产,6岁以上,袋装,常规配方奶粉,牛奶粉,4段,189,635
辉山,1.13,中国大陆,国产,1-3岁,桶装,常规配方奶粉,牛奶粉,3段,189,635
贝因美,0.908,其它　,国产,1-3岁,桶装,常规配方奶粉,牛奶粉,3段,189,632
伊利,1.2,澳洲/新西兰,国产,0.5-1岁,盒装,常规配方奶粉,牛奶粉,2段,192,630
贝因美,6.66,中国大陆,国产,3-6岁,盒装,常规配方奶粉,牛奶粉,4段,191,630
惠氏,1.2,其它　,进口,0-0.5岁,盒装,常规配方奶粉,牛奶粉,1段,196,628
美素,0.9,荷兰,进口,1-3岁,桶装,常规配方奶粉,牛奶粉,3段,195,628
雀巢,0.99,德国,进口,1-3岁,桶装,常规配方奶粉,牛奶粉,3段,195,628
雅培,0.53,其它　,进口,0.5-1岁,桶装,特殊配方奶粉,牛奶粉,1段,196.2,627
西谱,1.1,其它　,国产,1-3岁,桶装,常规配方奶粉,羊奶粉,3段,197,621
特福芬,0.6,德国,进口,1-3岁,盒装,有机奶粉,牛奶粉,3段,197,619
贝因美,0.55,其它　,国产,1-3岁,盒装,常规配方奶粉,牛奶粉,3段,197.6,611
特福芬,0.69,其它　,进口,0.5-1岁,盒装,常规配方奶粉,牛奶粉,2段,198,606
飞鹤,1.5,中国大陆,国产,1-3岁,盒装,常规配方奶粉,牛奶粉,3段,198,601
澳优,0.8,荷兰,国产,0-0.5岁,盒装,常规配方奶粉,牛奶粉,1段,198,596
百立乐,0.8,其它　,进口,1-3岁,桶装,常规配方奶粉,牛奶粉,3段,198,596
雅培,0.9,其它　,进口,1-3岁,桶装,常规配方奶粉,牛奶粉,3段,198,595
澳优,0.8,法国,进口,1-3岁,桶装,常规配方奶粉,牛奶粉,3段,198,592
蒙牛,1,其它　,国产,0-0.5岁,桶装,有机奶粉,牛奶粉,1段,199,586
三元,0.4,中国大陆,国产,1-3岁,箱装,常规配方奶粉,牛奶粉,3段,199,583
君乐宝,1.6,中国大陆,国产,1-3岁,桶装,常规配方奶粉,牛奶粉,3段,199,583
惠氏,0.4,爱尔兰,进口,0-0.5岁,桶装,特殊配方奶粉,牛奶粉,1段,201,582
贝因美,1,其它　,国产,0.5-1岁,桶装,常规配方奶粉,牛奶粉,2段,199,582
美素,0.9,其它　,进口,0.5-1岁,桶装,常规配方奶粉,牛奶粉,2段,199,582
多美滋,1.2,其它　,国产,1-3岁,盒装,常规配方奶粉,牛奶粉,3段,201,571
贝因美,0.571,中国大陆,国产,0-0.5岁,箱装,常规配方奶粉,牛奶粉,2段,201,558
雅培,1.2,其它　,国产,3-6岁,盒装,常规配方奶粉,牛奶粉,4段,202,554
伴宝乐,0.9,法国,进口,0-0.5岁,桶装,有机奶粉,牛奶粉,1段,203,548
雅培,0.9,其它　,进口,0.5-1岁,桶装,常规配方奶粉,牛奶粉,2段,203,548
雅士利,0.7,其它　,国产,1-3岁,袋装,常规配方奶粉,牛奶粉,3段,203,548
美素,0.9,其它　,进口,0-0.5岁,桶装,常规配方奶粉,牛奶粉,1段,202,548
飞鹤,1,中国大陆,国产,1-3岁,桶装,常规配方奶粉,牛奶粉,3段,205,543
雅培,0.9,其它　,国产,1-3岁,桶装,常规配方奶粉,牛奶粉,3段,205,542
雅培,0.9,其它　,进口,1-3岁,桶装,常规配方奶粉,牛奶粉,3段,205,529
美赞臣,2.2,荷兰,国产,0.5-1岁,盒装,常规配方奶粉,牛奶粉,2段,206,526
贝因美,1,中国大陆,国产,1-3岁,袋装,常规配方奶粉,牛奶粉,3段,208,520
雅士利,1,其它　,国产,1-3岁,桶装,常规配方奶粉,牛奶粉,3段,208.8,516
贝因美,1,其它　,国产,0.5-1岁,桶装,常规配方奶粉,牛奶粉,2段,208,516
贝因美,1,其它　,国产,1-3岁,桶装,常规配方奶粉,牛奶粉,3段,210,514
雀巢,0.8,德国,进口,0-0.5岁,桶装,常规配方奶粉,牛奶粉,1段,209,514
明一,1.68,澳洲/新西兰,国产,0-0.5岁,盒装,常规配方奶粉,牛奶粉,1段,209,514
百立乐,0.8,其它　,进口,0.5-1岁,桶装,常规配方奶粉,牛奶粉,2段,210,513
雅士利,0.8,中国大陆,国产,0.5-1岁,桶装,常规配方奶粉,牛奶粉,3段,210,512
雀巢,0.4,其它　,进口,0-0.5岁,桶装,常规配方奶粉,牛奶粉,2段,214,510
爱达力,0.8,法国,进口,1-3岁,桶装,常规配方奶粉,牛奶粉,3段,212,510
贝因美,1.1,中国大陆,国产,0.5-1岁,桶装,常规配方奶粉,牛奶粉,2段,211,510
诺优能,0.8,荷兰,进口,1-3岁,桶装,常规配方奶粉,牛奶粉,3段,214,504
惠氏,0.9,其它　,国产,0.5-1岁,桶装,常规配方奶粉,牛奶粉,2段,214,492
雅培,1.09,中国大陆,国产,1-3岁,桶装,常规配方奶粉,牛奶粉,3段,216,491
君乐宝,1.6,中国大陆,国产,1-3岁,盒装,常规配方奶粉,牛奶粉,3段,215,491
雅士利,1.12,澳洲/新西兰,进口,1-3岁,桶装,常规配方奶粉,牛奶粉,3段,218,484
贝因美,1.1,其它　,国产,0.5-1岁,桶装,常规配方奶粉,牛奶粉,2段,218,484
合生元,0.9,其它　,进口,1-3岁,桶装,常规配方奶粉,牛奶粉,3段,218,484
飞鹤,1.11,中国大陆,国产,0-0.5岁,桶装,常规配方奶粉,牛奶粉,1段,216,484
味全,8.64,荷兰,国产,1-3岁,袋装,常规配方奶粉,牛奶粉,3段,218,483
亨氏,1.1,英国,进口,0.5-1岁,桶装,常规配方奶粉,牛奶粉,2段,220,482
御宝,2.1,中国大陆,国产,0.5-1岁,桶装,常规配方奶粉,羊奶粉,2段,219,482
雀巢,1.2,其它　,国产,1-3岁,盒装,常规配方奶粉,牛奶粉,3段,218,482
合生元,1.2,其它　,进口,3-6岁,桶装,常规配方奶粉,牛奶粉,4段,220,479
贝拉米,0.9,澳洲/新西兰,进口,1-3岁,桶装,有机奶粉,牛奶粉,3段,220,479
诺优能,0.9,荷兰,进口,1-3岁,桶装,常规配方奶粉,牛奶粉,3段,220,476
美赞臣,1.13,中国大陆,国产,0-0.5岁,桶装,常规配方奶粉,牛奶粉,1段,221,471
君乐宝,0.8,中国大陆,国产,1-3岁,桶装,常规配方奶粉,牛奶粉,3段,223,469
完达山,1.14,中国大陆,国产,1-3岁,桶装,常规配方奶粉,牛奶粉,3段,223.5,463
御宝,0.4,中国大陆,国产,3-6岁,盒装,常规配方奶粉,羊奶粉,4段,225,462
飞鹤,1,中国大陆,国产,1-3岁,桶装,常规配方奶粉,牛奶粉,3段,226,461
施恩,0.9,其它　,国产,1-3岁,桶装,常规配方奶粉,牛奶粉,3段,228,460
圣元,1,法国,国产,0.5-1岁,桶装,常规配方奶粉,牛奶粉,2段,228,460
德国多比,1,德国,进口,1-3岁,桶装,常规配方奶粉,牛奶粉,3段,226,460
纽贝滋,1,澳洲/新西兰,国产,0.5-1岁,桶装,常规配方奶粉,羊奶粉,2段,228,456
奶粉 三元,1,中国大陆,国产,1-3岁,桶装,常规配方奶粉,牛奶粉,3段,228,453
惠氏,1,其它　,进口,1-3岁,桶装,常规配方奶粉,牛奶粉,3段,228,453
纽瑞滋,1.1,澳洲/新西兰,进口,1-3岁,桶装,常规配方奶粉,牛奶粉,3段,228,451
雅睿,1.06,其它　,进口,0.5-1岁,桶装,常规配方奶粉,牛奶粉,2段,230,449
朵茵倍可,1.1,其它　,进口,1-3岁,桶装,常规配方奶粉,牛奶粉,3段,228,449
伴宝乐,0.9,法国,进口,1-3岁,桶装,有机奶粉,牛奶粉,3段,231,448
雅士利,0.7,其它　,国产,1-3岁,袋装,常规配方奶粉,牛奶粉,3段,231,446
惠氏,0.9,其它　,进口,0-0.5岁,桶装,常规配方奶粉,牛奶粉,1段,231,436
美素,1.3,其它　,进口,0.5-1岁,盒装,常规配方奶粉,牛奶粉,2段,231,435
惠氏,1.2,其它　,国产,3-6岁,盒装,常规配方奶粉,牛奶粉,4段,233,431
圣元,0.5,法国,国产,0-0.5岁,盒装,常规配方奶粉,牛奶粉,3段,233,431
明一,1.12,澳洲/新西兰,国产,0-0.5岁,桶装,常规配方奶粉,牛奶粉,1段,233,429
雅培,0.5,其它　,进口,1-3岁,桶装,常规配方奶粉,牛奶粉,3段,233,423
御宝,0.5,中国大陆,国产,1-3岁,桶装,常规配方奶粉,羊奶粉,3段,236,419
伴宝乐,0.9,法国,进口,0.5-1岁,桶装,有机奶粉,牛奶粉,2段,237,417
美羚,1.2,中国大陆,国产,1-3岁,桶装,常规配方奶粉,羊奶粉,3段,236,417
爱达力,0.8,法国,进口,0.5-1岁,桶装,常规配方奶粉,牛奶粉,2段,238,411
贝因美,1.1,中国大陆,国产,0.5-1岁,桶装,常规配方奶粉,牛奶粉,2段,238,407
惠氏,0.4,爱尔兰,进口,0-0.5岁,桶装,常规配方奶粉,牛奶粉,1段,238,400
圣元,0.5,法国,国产,0.5-1岁,袋装,常规配方奶粉,牛奶粉,2段,238,398
雀巢,0.8,德国,进口,0-0.5岁,桶装,常规配方奶粉,牛奶粉,1段,243,390
美素,0.9,荷兰,进口,1-3岁,桶装,常规配方奶粉,牛奶粉,3段,241,390
御宝,1,其它　,国产,0-0.5岁,桶装,常规配方奶粉,羊奶粉,1段,246,389
圣元,0.5,法国,国产,0-0.5岁,袋装,常规配方奶粉,牛奶粉,1段,247,388
完达山,1.12,中国大陆,国产,1-3岁,桶装,常规配方奶粉,牛奶粉,3段,247.5,385
雅培,0.9,澳洲/新西兰,国产,0-0.5岁,桶装,常规配方奶粉,牛奶粉,1段,247.5,385
诺优能,1.6,荷兰,进口,1-3岁,桶装,常规配方奶粉,牛奶粉,3段,247.5,385
尤爱倍特,1,荷兰,国产,0.5-1岁,桶装,常规配方奶粉,羊奶粉,2段,247.5,383
英氏,0.9,其它　,进口,0-0.5岁,桶装,常规配方奶粉,牛奶粉,1段,247.5,382
三元,0.4,中国大陆,国产,1-3岁,盒装,常规配方奶粉,牛奶粉,3段,248,380
贝因美,1.1,中国大陆,国产,1-3岁,桶装,常规配方奶粉,牛奶粉,3段,248,379
素加奶粉,1.18,法国,进口,0-0.5岁,桶装,常规配方奶粉,牛奶粉,3段,248,379
雅培,0.82,其它　,进口,0-0.5岁,桶装,常规配方奶粉,牛奶粉,1段,248,375
澳优,0.8,中国大陆,国产,0-0.5岁,桶装,常规配方奶粉,牛奶粉,1段,249,371
伊利,0.9,其它　,国产,3-6岁,桶装,常规配方奶粉,牛奶粉,4段,249,371
贝拉米,1.106,澳洲/新西兰,进口,0.5-1岁,桶装,有机奶粉,牛奶粉,2段,249,369
伊利,1.1,澳洲/新西兰,国产,0-0.5岁,桶装,常规配方奶粉,牛奶粉,1段,249,366
惠氏,0.52,爱尔兰,进口,1-3岁,桶装,常规配方奶粉,牛奶粉,3段,249,362
雀巢,0.8,德国,进口,1-3岁,桶装,常规配方奶粉,牛奶粉,3段,249,361
伊利,1.1,澳洲/新西兰,国产,0-0.5岁,桶装,常规配方奶粉,牛奶粉,3段,250,353
康维多,1,荷兰,进口,0-0.5岁,桶装,常规配方奶粉,羊奶粉,1段,249,353
美可高特,0.77,中国大陆,国产,3-6岁,桶装,常规配方奶粉,羊奶粉,4段,250,347
雅培,0.9,其它　,进口,0-0.5岁,桶装,常规配方奶粉,牛奶粉,1段,250,339
雀巢,0.4,其它　,国产,0-0.5岁,盒装,常规配方奶粉,牛奶粉,1段,250,338
美赞臣,1.6,荷兰,国产,1-3岁,盒装,常规配方奶粉,牛奶粉,3段,251,335
贝因美,0.908,中国大陆,国产,0-0.5岁,桶装,常规配方奶粉,牛奶粉,3段,250.2,335
雅培,0.9,其它　,进口,1-3岁,桶装,常规配方奶粉,牛奶粉,3段,252,332
惠氏,0.9,其它　,进口,0-0.5岁,盒装,常规配方奶粉,牛奶粉,1段,252,332
完达山,1.12,中国大陆,国产,0.5-1岁,桶装,常规配方奶粉,牛奶粉,2段,256,329
美赞臣,1,荷兰,进口,0-0.5岁,桶装,常规配方奶粉,牛奶粉,1段,256,329
西谱,1.1,其它　,国产,0.5-1岁,桶装,常规配方奶粉,羊奶粉,2段,258,319
蒙牛,1,中国大陆,国产,1-3岁,桶装,常规配方奶粉,牛奶粉,3段,259,316
迈高,0.8,澳洲/新西兰,进口,1-3岁,桶装,常规配方奶粉,牛奶粉,3段,259,312
咔哇熊,1.15,澳洲/新西兰,进口,0.5-1岁,桶装,常规配方奶粉,牛奶粉,2段,259,310
羊羊,1.04,中国大陆,国产,1-3岁,桶装,常规配方奶粉,羊奶粉,3段,259,309
雅士利,1.5,中国大陆,国产,0.5-1岁,桶装,常规配方奶粉,牛奶粉,2段,260,308
合生元,2,法国,进口,1-3岁,桶装,常规配方奶粉,牛奶粉,3段,259,308
爱婴宝秀,1,其它　,进口,0.5-1岁,桶装,常规配方奶粉,牛奶粉,2段,260,307
多美滋,0.9,其它　,国产,3-6岁,桶装,常规配方奶粉,牛奶粉,4段,260,306
惠氏,0.9,其它　,进口,0.5-1岁,桶装,常规配方奶粉,牛奶粉,2段,261,305
诺优能,0.9,荷兰,进口,1-3岁,桶装,常规配方奶粉,牛奶粉,3段,261,304
澳优,0.8,荷兰,国产,0.5-1岁,桶装,常规配方奶粉,牛奶粉,2段,268,299
伊利,1.2,澳洲/新西兰,国产,0.5-1岁,盒装,常规配方奶粉,牛奶粉,2段,262,299
完达山,1,中国大陆,国产,0-0.5岁,桶装,常规配方奶粉,牛奶粉,1段,268,296
合生元,0.9,法国,进口,0.5-1岁,桶装,常规配方奶粉,牛奶粉,2段,268,293
雀巢,0.4,其它　,进口,0-0.5岁,桶装,常规配方奶粉,牛奶粉,2段,268,293
明一,1.12,澳洲/新西兰,国产,1-3岁,桶装,常规配方奶粉,羊奶粉,3段,268,292
太子乐,0.9,中国大陆,国产,1-3岁,桶装,常规配方奶粉,牛奶粉,3段,268,292
咔哇熊,1.09,澳洲/新西兰,进口,0.5-1岁,桶装,常规配方奶粉,牛奶粉,2段,268,292
伊利,1.2,澳洲/新西兰,国产,1-3岁,盒装,常规配方奶粉,牛奶粉,3段,268,291
惠氏,0.9,其它　,进口,0.5-1岁,桶装,常规配方奶粉,牛奶粉,2段,268,291
贝因美,0.9,其它　,国产,0-0.5岁,桶装,常规配方奶粉,牛奶粉,1段,268,291
合生元,1.5,法国,进口,0-0.5岁,桶装,常规配方奶粉,牛奶粉,1段,268.5,290
惠氏,0.7,爱尔兰,进口,0-0.5岁,桶装,常规配方奶粉,牛奶粉,1段,268,290
惠氏,0.35,其它　,进口,0-0.5岁,桶装,常规配方奶粉,牛奶粉,1段,268.5,288
金典,0.9,德国,进口,1-3岁,桶装,常规配方奶粉,牛奶粉,4段,269,286
羊羊,0.8,中国大陆,国产,0.5-1岁,桶装,常规配方奶粉,羊奶粉,2段,270,281
伊利,1,其它　,国产,1-3岁,桶装,常规配方奶粉,牛奶粉,3段,272,279
伴宝乐,0.9,法国,进口,0.5-1岁,桶装,有机奶粉,牛奶粉,2段,270,279
德国多比,1,德国,进口,0-0.5岁,桶装,常规配方奶粉,牛奶粉,1段,270,279
朵茵倍可,1.1,其它　,进口,0.5-1岁,桶装,常规配方奶粉,牛奶粉,2段,276,278
多美滋,1.29,其它　,国产,1-3岁,盒装,常规配方奶粉,牛奶粉,3段,276,278
多美滋,1.29,其它　,国产,1-3岁,盒装,常规配方奶粉,牛奶粉,3段,272,278
雀巢,1.2,其它　,国产,1-3岁,盒装,常规配方奶粉,牛奶粉,3段,276,277
美赞臣,1,其它　,国产,1-3岁,盒装,常规配方奶粉,牛奶粉,3段,278,276
飞鹤,0.4,中国大陆,国产,1-3岁,盒装,常规配方奶粉,牛奶粉,3段,277.2,276
多美滋,0.46,澳洲/新西兰,国产,1-3岁,盒装,常规配方奶粉,牛奶粉,3段,278,275
伊利,0.5,其它　,国产,0.5-1岁,盒装,常规配方奶粉,牛奶粉,2段,278,274
关山,1,中国大陆,国产,1-3岁,桶装,常规配方奶粉,羊奶粉,3段,278,273
英氏,2,其它　,进口,1-3岁,桶装,常规配方奶粉,牛奶粉,3段,279,271
伊利,0.98,其它　,国产,1-3岁,桶装,常规配方奶粉,牛奶粉,3段,279,270
君乐宝,0.8,中国大陆,国产,0.5-1岁,桶装,常规配方奶粉,牛奶粉,2段,279,270
澳仕卡牛,1,澳洲/新西兰,进口,0.5-1岁,桶装,常规配方奶粉,牛奶粉,2段,279,270
伊利,0.98,其它　,国产,1-3岁,桶装,常规配方奶粉,牛奶粉,3段,280,269
雅培,0.9,其它　,国产,1-3岁,桶装,常规配方奶粉,牛奶粉,3段,284,265
完达山,0.4,其它　,国产,1-3岁,袋装,常规配方奶粉,牛奶粉,3段,283.5,265
雅士利,0.9,其它　,国产,1-3岁,桶装,常规配方奶粉,牛奶粉,3段,280,265
雅士利,1.2,其它　,国产,0.5-1岁,盒装,常规配方奶粉,牛奶粉,2段,286,264
惠氏,0.5,爱尔兰,进口,0-0.5岁,桶装,常规配方奶粉,牛奶粉,1段,286,261
多美滋,1.6,中国大陆,国产,1-3岁,盒装,常规配方奶粉,牛奶粉,3段,287,259
多美滋,1.2,中国大陆,国产,3-6岁,盒装,常规配方奶粉,牛奶粉,4段,288,258
惠氏,1,爱尔兰,进口,0-0.5岁,桶装,常规配方奶粉,牛奶粉,1段,287,258
贝因美,1,中国大陆,国产,0-0.5岁,桶装,常规配方奶粉,牛奶粉,1段,288,252
澳优,0.9,荷兰,进口,0.5-1岁,桶装,常规配方奶粉,牛奶粉,2段,288,252
多美滋,0.8,其它　,国产,0-0.5岁,桶装,常规配方奶粉,牛奶粉,1段,288,252
雀巢,1.37,中国大陆,国产,1-3岁,盒装,常规配方奶粉,牛奶粉,3段,288,252
羊羊,0.8,中国大陆,国产,1-3岁,桶装,常规配方奶粉,羊奶粉,3段,290,250
御宝,0.8,中国大陆,国产,0-0.5岁,桶装,常规配方奶粉,羊奶粉,1段,290,249
明一,1.45,中国大陆,国产,1-3岁,盒装,常规配方奶粉,牛奶粉,3段,292,248
惠氏,0.9,其它　,进口,0-0.5岁,桶装,常规配方奶粉,牛奶粉,1段,292,246
完达山,1,中国大陆,国产,1-3岁,桶装,常规配方奶粉,羊奶粉,3段,292,246
雅培,0.9,其它　,国产,1-3岁,桶装,常规配方奶粉,牛奶粉,3段,295,245
飞鹤,1,中国大陆,国产,1-3岁,盒装,常规配方奶粉,牛奶粉,3段,294,245
合生元,1.2,法国,进口,0.5-1岁,桶装,常规配方奶粉,牛奶粉,2段,293,245
完达山,1,中国大陆,国产,0.5-1岁,桶装,常规配方奶粉,牛奶粉,2段,295,243
雀巢,0.9,德国,进口,0.5-1岁,桶装,常规配方奶粉,牛奶粉,2段,295,239
完达山,0.4,其它　,国产,3-6岁,袋装,常规配方奶粉,牛奶粉,4段,295,238
伊利,0.4,澳洲/新西兰,国产,3-6岁,盒装,常规配方奶粉,牛奶粉,4段,295,236
惠氏,0.9,爱尔兰,国产,0.5-1岁,桶装,常规配方奶粉,牛奶粉,2段,295,235
美赞臣,1.2,荷兰,国产,1-3岁,盒装,常规配方奶粉,牛奶粉,3段,295,227
雀巢,0.4,荷兰,进口,0-0.5岁,桶装,特殊配方奶粉,牛奶粉,1段,295.2,222
多美滋,0.9,其它　,国产,1-3岁,桶装,常规配方奶粉,牛奶粉,3段,296,220
乐天大贵族,5,其它　,进口,1-3岁,箱装,常规配方奶粉,牛奶粉,3段,296,220
雅培,0.45,其它　,进口,1-3岁,盒装,特殊配方奶粉,牛奶粉,3段,296,216
贝因美,0.2,其它　,国产,1-3岁,盒装,常规配方奶粉,牛奶粉,3段,296,212
明一,1.68,澳洲/新西兰,国产,0-0.5岁,盒装,常规配方奶粉,牛奶粉,1段,298,210
合生元,1.2,其它　,进口,1-3岁,桶装,常规配方奶粉,牛奶粉,3段,298,210
飞鹤,0.5,其它　,国产,1-3岁,盒装,常规配方奶粉,牛奶粉,3段,296,210
贝因美,1,中国大陆,国产,0-0.5岁,桶装,常规配方奶粉,牛奶粉,1段,298,209
完达山,0.4,其它　,国产,1-3岁,袋装,常规配方奶粉,牛奶粉,3段,298,208
美素,1.8,荷兰,进口,1-3岁,桶装,常规配方奶粉,牛奶粉,3段,298,208
惠氏,1,其它　,进口,1-3岁,桶装,常规配方奶粉,牛奶粉,3段,298,208
御宝,1.8,中国大陆,国产,0.5-1岁,桶装,常规配方奶粉,羊奶粉,2段,298,207
美康喜,0.9,美国,进口,0.5-1岁,桶装,常规配方奶粉,牛奶粉,2段,298,207
Humana,0.6,德国,进口,1-3岁,盒装,常规配方奶粉,牛奶粉,3段,298,206
惠氏,0.9,其它　,进口,3-6岁,桶装,常规配方奶粉,牛奶粉,4段,298,204
惠氏,0.9,其它　,进口,0-0.5岁,桶装,常规配方奶粉,牛奶粉,1段,298,203
美素,0.95,其它　,进口,1-3岁,桶装,常规配方奶粉,牛奶粉,3段,298,203
三元,0.4,中国大陆,国产,1-3岁,箱装,常规配方奶粉,牛奶粉,3段,298,202
雅培,1.2,其它　,国产,3-6岁,盒装,常规配方奶粉,牛奶粉,4段,298,200
西谱,1.1,其它　,进口,0.5-1岁,桶装,常规配方奶粉,羊奶粉,2段,298,199
惠氏,1.1,爱尔兰,进口,1-3岁,桶装,常规配方奶粉,牛奶粉,3段,298,199
迈高,1.5,澳洲/新西兰,进口,0-0.5岁,桶装,常规配方奶粉,牛奶粉,1段,299,198
贝因美,1.2,其它　,进口,1-3岁,桶装,常规配方奶粉,牛奶粉,3段,301,197
雅培,1.25,其它　,进口,0.5-1岁,桶装,常规配方奶粉,牛奶粉,2段,300,197
美赞臣,1.2,其它　,国产,1-3岁,盒装,常规配方奶粉,牛奶粉,3段,304,196
雅士利,1.5,中国大陆,国产,0.5-1岁,桶装,常规配方奶粉,牛奶粉,2段,303,196
完达山,0.9,其它　,国产,1-3岁,桶装,常规配方奶粉,牛奶粉,3段,301,196
美赞臣,1.1,荷兰,国产,1-3岁,桶装,常规配方奶粉,牛奶粉,3段,305,193
美素,1.6,荷兰,进口,0.5-1岁,盒装,常规配方奶粉,牛奶粉,2段,308,192
美赞臣,2.2,荷兰,国产,0.5-1岁,盒装,常规配方奶粉,牛奶粉,2段,308,191
惠氏,3.5,澳洲/新西兰,国产,1-3岁,盒装,常规配方奶粉,牛奶粉,3段,308,190
飞鹤,0.9,中国大陆,国产,0.5-1岁,桶装,常规配方奶粉,牛奶粉,2段,308,190
惠氏,0.8,爱尔兰,进口,1-3岁,桶装,常规配方奶粉,牛奶粉,3段,308,190
贝因美,0.5,其它　,国产,0-0.5岁,盒装,常规配方奶粉,牛奶粉,1段,308,190
明一,6.72,澳洲/新西兰,国产,1-3岁,桶装,常规配方奶粉,牛奶粉,3段,309,189
卡洛塔妮 ,1,澳洲/新西兰,进口,0.5-1岁,桶装,常规配方奶粉,牛奶粉,2段,308,189
魔妈,5.8,其它　,国产,1-3岁,箱装,常规配方奶粉,羊奶粉,3段,308,189
雅培,1.2,其它　,国产,0.5-1岁,桶装,常规配方奶粉,牛奶粉,2段,308,189
金贝,1.1,中国大陆,国产,1-3岁,桶装,常规配方奶粉,羊奶粉,3段,309,188
惠氏,1.4,其它　,国产,3-6岁,盒装,常规配方奶粉,牛奶粉,4段,309,187
美赞臣,1,其它　,国产,0-0.5岁,盒装,常规配方奶粉,牛奶粉,1段,312,184
惠氏,0.9,其它　,国产,1-3岁,桶装,常规配方奶粉,牛奶粉,3段,310,184
飞鹤,0.9,其它　,国产,1-3岁,桶装,常规配方奶粉,牛奶粉,3段,310,184
澳优,1,中国大陆,国产,3-6岁,桶装,常规配方奶粉,牛奶粉,4段,316,183
美赞臣,1.2,其它　,国产,3-6岁,盒装,常规配方奶粉,牛奶粉,4段,313,183
贝因美,1,其它　,国产,1-3岁,桶装,常规配方奶粉,牛奶粉,3段,318,182
美赞臣,1,荷兰,进口,1-3岁,桶装,常规配方奶粉,牛奶粉,3段,318,182
伊利,0.5,其它　,国产,0-0.5岁,桶装,常规配方奶粉,牛奶粉,1段,318,182
羊羊,0.57,中国大陆,国产,1-3岁,盒装,常规配方奶粉,羊奶粉,3段,320,180
御宝,0.9,中国大陆,国产,1-3岁,桶装,常规配方奶粉,羊奶粉,3段,318,180
喜安智,1.5,澳洲/新西兰,进口,1-3岁,桶装,常规配方奶粉,牛奶粉,3段,320,179
美赞臣,0.9,其它　,进口,0-0.5岁,桶装,常规配方奶粉,牛奶粉,3段,322,169
伊利,1.2,澳洲/新西兰,国产,0.5-1岁,盒装,常规配方奶粉,牛奶粉,2段,322,168
完达山,0.5,中国大陆,国产,1-3岁,盒装,常规配方奶粉,羊奶粉,3段,322,166
明一,1.2,中国大陆,国产,0.5-1岁,桶装,常规配方奶粉,牛奶粉,2段,324,164
伊利,0.5,其它　,国产,3-6岁,盒装,常规配方奶粉,牛奶粉,4段,322,164
百立乐,1,其它　,进口,1-3岁,桶装,常规配方奶粉,牛奶粉,3段,326,163
美赞臣,1.2,荷兰,国产,3-6岁,桶装,常规配方奶粉,牛奶粉,4段,324,163
君乐宝,0.2,中国大陆,国产,0-0.5岁,盒装,常规配方奶粉,牛奶粉,1段,328,162
雅士利,0.7,中国大陆,国产,0.5-1岁,袋装,常规配方奶粉,牛奶粉,2段,328,161
美赞臣,0.9,其它　,进口,0-0.5岁,桶装,常规配方奶粉,牛奶粉,1段,328,155
贝因美,1,其它　,进口,0.5-1岁,桶装,常规配方奶粉,牛奶粉,2段,328,153
雀巢,1.2,其它　,国产,1-3岁,盒装,常规配方奶粉,牛奶粉,3段,328,152
牛奶客 ,1.5,荷兰,进口,0-0.5岁,桶装,常规配方奶粉,牛奶粉,1段,328,151
高原之宝,0.454,中国大陆,国产,1-3岁,桶装,常规配方奶粉,牛奶粉,3段,328,150
惠氏,1.2,其它　,国产,0.5-1岁,盒装,常规配方奶粉,牛奶粉,2段,328,146
美赞臣,1.2,其它　,进口,0.5-1岁,盒装,常规配方奶粉,牛奶粉,3段,328,142
雀巢,0.4,其它　,国产,3-6岁,盒装,常规配方奶粉,牛奶粉,4段,328,141
明一,1.12,澳洲/新西兰,国产,0-0.5岁,桶装,常规配方奶粉,羊奶粉,1段,328,140
味全,0.9,荷兰,国产,1-3岁,桶装,常规配方奶粉,牛奶粉,3段,328,139
施恩,0.45,其它　,国产,1-3岁,盒装,常规配方奶粉,牛奶粉,3段,328,138
多美滋,1.2,其它　,国产,1-3岁,盒装,常规配方奶粉,牛奶粉,3段,328,137
圣元,1.1,澳洲/新西兰,国产,1-3岁,桶装,常规配方奶粉,牛奶粉,3段,328,136
味全,0.9,荷兰,国产,0-0.5岁,桶装,常规配方奶粉,牛奶粉,1段,328,136
伊利,0.9,澳洲/新西兰,国产,0.5-1岁,桶装,常规配方奶粉,牛奶粉,2段,329,134
雀巢,1.2,其它　,国产,1-3岁,盒装,常规配方奶粉,牛奶粉,3段,329.8,133
人之初,0.9,中国大陆,国产,1-3岁,桶装,常规配方奶粉,牛奶粉,3段,335,129
美赞臣,0.9,其它　,进口,0-0.5岁,桶装,常规配方奶粉,牛奶粉,1段,335,129
完达山,0.9,其它　,国产,0.5-1岁,桶装,常规配方奶粉,牛奶粉,2段,335,129
伊利,0.5,其它　,国产,0.5-1岁,桶装,常规配方奶粉,牛奶粉,2段,335,129
伊利,0.9,澳洲/新西兰,进口,1-3岁,桶装,常规配方奶粉,牛奶粉,3段,338,128
惠氏,0.9,其它　,进口,1-3岁,桶装,常规配方奶粉,牛奶粉,3段,338,128
贝因美,1.8,中国大陆,国产,1-3岁,桶装,常规配方奶粉,牛奶粉,3段,338,128
贝因美,2.43,中国大陆,国产,1-3岁,盒装,常规配方奶粉,牛奶粉,3段,339,127
惠氏,1,爱尔兰,进口,3-6岁,桶装,常规配方奶粉,牛奶粉,4段,338,127
爱达力,0.8,法国,进口,0-0.5岁,桶装,常规配方奶粉,牛奶粉,1段,338,127
合生元,1.19,法国,进口,3-6岁,桶装,常规配方奶粉,牛奶粉,4段,338,127
Holle,0.7,德国,进口,1-3岁,盒装,有机奶粉,牛奶粉,3段,339,126
惠氏,0.9,其它　,进口,0.5-1岁,桶装,常规配方奶粉,牛奶粉,2段,339,126
雅培,1,中国大陆,国产,1-3岁,盒装,常规配方奶粉,牛奶粉,3段,339,125
美赞臣,0.9,其它　,进口,1-3岁,桶装,常规配方奶粉,牛奶粉,3段,339,124
贝因美,1,中国大陆,国产,1-3岁,袋装,常规配方奶粉,牛奶粉,3段,339,123
雅培,1.2,其它　,国产,1-3岁,盒装,常规配方奶粉,牛奶粉,3段,339,123
君乐宝,1.05,中国大陆,国产,0-0.5岁,桶装,常规配方奶粉,牛奶粉,1段,346,122
完达山,1.03,中国大陆,国产,0.5-1岁,桶装,常规配方奶粉,牛奶粉,2段,342,122
飞鹤,0.9,中国大陆,国产,0-0.5岁,桶装,常规配方奶粉,牛奶粉,1段,348,120
雅培,1.08,其它　,国产,3-6岁,桶装,常规配方奶粉,牛奶粉,4段,348,120
伊利,1.5,中国大陆,国产,1-3岁,桶装,常规配方奶粉,牛奶粉,3段,346,120
辉山,0.468,中国大陆,国产,0-0.5岁,盒装,常规配方奶粉,牛奶粉,1段,348,117
三元,0.4,中国大陆,国产,1-3岁,箱装,常规配方奶粉,牛奶粉,3段,348,117
三元,1,中国大陆,国产,1-3岁,箱装,常规配方奶粉,牛奶粉,3段,348,115
羊羊,0.8,中国大陆,国产,3-6岁,桶装,常规配方奶粉,羊奶粉,4段,348,114
喜安智,1,澳洲/新西兰,进口,0.5-1岁,桶装,常规配方奶粉,牛奶粉,2段,348,114
贝因美,1,其它　,国产,1-3岁,桶装,常规配方奶粉,牛奶粉,3段,352,112
多美滋,0.8,其它　,国产,0-0.5岁,桶装,常规配方奶粉,牛奶粉,1段,355,111
美赞臣,1.06,荷兰,进口,1-3岁,桶装,常规配方奶粉,牛奶粉,3段,352,111
御宝,1,中国大陆,国产,0.5-1岁,桶装,常规配方奶粉,羊奶粉,2段,352,111
伴宝乐,0.9,法国,进口,0-0.5岁,桶装,有机奶粉,牛奶粉,1段,358,110
飞鹤,0.7,中国大陆,国产,0.5-1岁,桶装,常规配方奶粉,牛奶粉,2段,358,109
雅培,0.9,其它　,国产,1-3岁,桶装,常规配方奶粉,牛奶粉,3段,358,109
爱能特,1,中国大陆,国产,0.5-1岁,桶装,特殊配方奶粉,羊奶粉,2段,358,109
贝因美,0.555,中国大陆,国产,1-3岁,盒装,常规配方奶粉,牛奶粉,3段,360,108
三元,0.4,中国大陆,国产,1-3岁,盒装,常规配方奶粉,牛奶粉,3段,360,108
贝因美,1.2,其它　,进口,1-3岁,桶装,常规配方奶粉,牛奶粉,3段,368,107
完达山,0.9,其它　,国产,1-3岁,桶装,常规配方奶粉,牛奶粉,3段,368,107
惠氏,1,爱尔兰,进口,3-6岁,桶装,常规配方奶粉,牛奶粉,4段,367,107
惠氏,1.2,其它　,进口,0-0.5岁,盒装,常规配方奶粉,牛奶粉,1段,368,105
美素,1.08,荷兰,进口,0-0.5岁,桶装,常规配方奶粉,牛奶粉,1段,368,103
百立乐,1,其它　,进口,1-3岁,桶装,常规配方奶粉,牛奶粉,3段,368,103
伊利,0.5,其它　,国产,1-3岁,盒装,常规配方奶粉,牛奶粉,3段,368,102
贝因美,1.8,中国大陆,国产,1-3岁,桶装,常规配方奶粉,牛奶粉,3段,368,101
君乐宝,0.2,中国大陆,国产,0-0.5岁,盒装,常规配方奶粉,牛奶粉,1段,368,101
美赞臣,1.35,荷兰,进口,1-3岁,桶装,常规配方奶粉,牛奶粉,3段,368,100
伊利,1.3,其它　,国产,6岁以上,桶装,常规配方奶粉,牛奶粉,4段,368,100
明一,3.36,澳洲/新西兰,国产,1-3岁,袋装,常规配方奶粉,牛奶粉,3段,368,99
惠氏,0.8,其它　,进口,1-3岁,桶装,常规配方奶粉,牛奶粉,3段,368,99
百立乐,1,其它　,进口,1-3岁,桶装,常规配方奶粉,牛奶粉,3段,369,98
贝因美,1,其它　,国产,0.5-1岁,桶装,常规配方奶粉,牛奶粉,2段,368,98
雀巢,0.4,其它　,国产,0-0.5岁,盒装,常规配方奶粉,牛奶粉,1段,370,97
牛奶客 ,1.5,荷兰,进口,0-0.5岁,桶装,常规配方奶粉,牛奶粉,1段,369,97
圣元,1.1,澳洲/新西兰,国产,0.5-1岁,桶装,常规配方奶粉,牛奶粉,2段,370,96
雅睿,1.07,其它　,进口,0.5-1岁,桶装,常规配方奶粉,牛奶粉,1段,372,93
美赞臣,0.9,其它　,国产,3-6岁,桶装,常规配方奶粉,牛奶粉,4段,374,92
辉山,0.47,中国大陆,国产,0-0.5岁,盒装,常规配方奶粉,牛奶粉,1段,372,92
贝因美,0.4,中国大陆,国产,1-3岁,盒装,常规配方奶粉,牛奶粉,3段,372,92
欢恩宝,0.5,荷兰,国产,0-0.5岁,桶装,常规配方奶粉,羊奶粉,1段,376,91
爱瑞嘉,1.2,澳洲/新西兰,进口,0.5-1岁,桶装,常规配方奶粉,牛奶粉,2段,376,91
明一,1.12,澳洲/新西兰,国产,0.5-1岁,桶装,常规配方奶粉,牛奶粉,2段,378,89
惠氏,1.2,其它　,国产,3-6岁,盒装,常规配方奶粉,牛奶粉,4段,378,89
伊利,0.5,其它　,国产,0.5-1岁,盒装,常规配方奶粉,牛奶粉,2段,378,89
贝因美,0.9,其它　,国产,1-3岁,桶装,常规配方奶粉,牛奶粉,3段,378,88
纽贝滋,1,中国大陆,国产,1-3岁,桶装,常规配方奶粉,牛奶粉,3段,378,86
贝因美,0.4,中国大陆,国产,1-3岁,盒装,常规配方奶粉,牛奶粉,3段,378,86
雅培,1.08,其它　,国产,3-6岁,桶装,常规配方奶粉,牛奶粉,4段,378,86
莱那珂,1,荷兰,进口,1-3岁,桶装,常规配方奶粉,牛奶粉,3段,378,85
多美滋,0.8,其它　,国产,0-0.5岁,桶装,常规配方奶粉,牛奶粉,1段,388,84
御宝,0.54,中国大陆,国产,1-3岁,桶装,常规配方奶粉,羊奶粉,3段,384,84
贝拉米,0.9,澳洲/新西兰,进口,1-3岁,桶装,有机奶粉,牛奶粉,3段,382,84
蒙牛,0.2,其它　,国产,0-0.5岁,桶装,常规配方奶粉,牛奶粉,3段,380,84
贝因美,0.555,中国大陆,国产,0.5-1岁,盒装,常规配方奶粉,牛奶粉,2段,378,84
惠氏,2,其它　,国产,0-0.5岁,桶装,常规配方奶粉,牛奶粉,1段,388,83
味全,1.6,其它　,国产,1-3岁,盒装,常规配方奶粉,牛奶粉,3段,390,82
御宝,4,中国大陆,国产,1-3岁,桶装,常规配方奶粉,羊奶粉,3段,388,82
纽贝滋,5.4,中国大陆,国产,1-3岁,箱装,常规配方奶粉,牛奶粉,3段,390,81
施恩,0.9,其它　,国产,0.5-1岁,桶装,常规配方奶粉,牛奶粉,2段,390,81
安满,1,澳洲/新西兰,进口,1-3岁,桶装,常规配方奶粉,牛奶粉,3段,396,80
惠氏,1.2,其它　,进口,0-0.5岁,盒装,常规配方奶粉,牛奶粉,1段,396,80
蒙牛,0.45,其它　,国产,3-6岁,盒装,常规配方奶粉,牛奶粉,4段,392,80
雅培,1.2,其它　,国产,0-0.5岁,盒装,常规配方奶粉,牛奶粉,1段,402,79
完达山,1,中国大陆,国产,1-3岁,桶装,常规配方奶粉,羊奶粉,3段,398,79
雅培,0.9,爱尔兰,进口,1-3岁,桶装,常规配方奶粉,牛奶粉,3段,409,78
辉山,1.13,中国大陆,国产,0.5-1岁,桶装,常规配方奶粉,牛奶粉,2段,408,78
雅培,1.2,其它　,国产,1-3岁,盒装,常规配方奶粉,牛奶粉,3段,405,78
多美滋,0.9,其它　,国产,1-3岁,桶装,常规配方奶粉,牛奶粉,3段,402,78
贝因美,1.1,中国大陆,国产,0-0.5岁,桶装,常规配方奶粉,牛奶粉,1段,412,77
伊利,1.3,其它　,国产,0-0.5岁,盒装,常规配方奶粉,牛奶粉,1段,410,77
爱达力,0.8,法国,进口,0-0.5岁,桶装,常规配方奶粉,牛奶粉,1段,410,77
贝因美,1,其它　,进口,0.5-1岁,桶装,常规配方奶粉,牛奶粉,2段,409,77
贝因美,0.5,其它　,国产,0-0.5岁,盒装,常规配方奶粉,牛奶粉,1段,416,76
美素,3.03,荷兰,进口,0.5-1岁,桶装,常规配方奶粉,牛奶粉,2段,420,75
御宝,0.18,中国大陆,国产,1-3岁,桶装,常规配方奶粉,羊奶粉,3段,428,74
贝因美,0.9,其它　,国产,1-3岁,桶装,常规配方奶粉,牛奶粉,3段,425,74
美羚,1.2,中国大陆,国产,1-3岁,桶装,常规配方奶粉,羊奶粉,3段,424,74
魔妈,5.8,其它　,国产,1-3岁,箱装,常规配方奶粉,羊奶粉,3段,428,73
惠氏,2,其它　,国产,1-3岁,桶装,常规配方奶粉,牛奶粉,3段,428,73
雀巢,0.8,德国,进口,1-3岁,桶装,常规配方奶粉,牛奶粉,3段,428,72
惠氏,1,爱尔兰,进口,0.5-1岁,桶装,常规配方奶粉,牛奶粉,2段,438,71
飞鹤,0.9,中国大陆,国产,0.5-1岁,桶装,常规配方奶粉,牛奶粉,2段,429,71
纽贝滋,0.4,中国大陆,国产,0.5-1岁,袋装,常规配方奶粉,牛奶粉,2段,450,70
乐博维,1,德国,进口,0-0.5岁,桶装,常规配方奶粉,牛奶粉,1段,438,70
伊利,0.9,其它　,国产,0-0.5岁,桶装,常规配方奶粉,牛奶粉,1段,438,70
惠氏,0.8,爱尔兰,进口,1-3岁,桶装,常规配方奶粉,牛奶粉,3段,450,69
美赞臣,1.2,其它　,国产,0-0.5岁,盒装,常规配方奶粉,牛奶粉,1段,460,68
澳优,0.8,荷兰,进口,0.5-1岁,桶装,常规配方奶粉,牛奶粉,2段,460,68
雅培,1.22,中国大陆,国产,0.5-1岁,桶装,常规配方奶粉,牛奶粉,2段,458,68
贝因美,0.9,其它　,国产,0.5-1岁,桶装,常规配方奶粉,牛奶粉,2段,458,68
惠氏,0.9,其它　,进口,1-3岁,桶装,常规配方奶粉,牛奶粉,3段,458,68
三元,0.4,中国大陆,国产,1-3岁,盒装,常规配方奶粉,牛奶粉,3段,468,67
雅士利,1.2,其它　,国产,0.5-1岁,盒装,常规配方奶粉,牛奶粉,2段,464,67
多美滋,0.4,其它　,国产,0.5-1岁,盒装,常规配方奶粉,牛奶粉,2段,470,64
雅培,0.9,其它　,进口,1-3岁,桶装,常规配方奶粉,牛奶粉,3段,483,63
圣元,1.1,澳洲/新西兰,国产,1-3岁,桶装,常规配方奶粉,牛奶粉,3段,480,63
伊利,1.2,澳洲/新西兰,国产,1-3岁,盒装,常规配方奶粉,牛奶粉,3段,476,63
康宝瑞,1.1,澳洲/新西兰,进口,1-3岁,桶装,常规配方奶粉,牛奶粉,3段,504,62
伴宝乐,0.9,法国,进口,0-0.5岁,桶装,有机奶粉,牛奶粉,1段,500,62
御宝,1.1,中国大陆,国产,0-0.5岁,桶装,常规配方奶粉,羊奶粉,1段,500,62
君乐宝,1.9,中国大陆,国产,0.5-1岁,盒装,常规配方奶粉,牛奶粉,2段,508,61
羊羊,0.8,中国大陆,国产,0-0.5岁,桶装,常规配方奶粉,羊奶粉,1段,504,61
御宝,0.9,中国大陆,国产,1-3岁,桶装,常规配方奶粉,羊奶粉,3段,528,60
迈高,0.8,其它　,进口,0.5-1岁,桶装,常规配方奶粉,牛奶粉,2段,528,60
伊利,1.25,其它　,国产,1-3岁,盒装,常规配方奶粉,牛奶粉,3段,518,60
智冠,1,中国大陆,国产,1-3岁,桶装,常规配方奶粉,羊奶粉,3段,531,58
康维多,1.1,荷兰,进口,1-3岁,桶装,常规配方奶粉,牛奶粉,3段,528,58
伊利,0.8,中国大陆,国产,1-3岁,桶装,常规配方奶粉,牛奶粉,3段,536,57
伊利,0.9,澳洲/新西兰,国产,0-0.5岁,桶装,常规配方奶粉,牛奶粉,1段,534,57
飞鹤,0.4,中国大陆,国产,0.5-1岁,盒装,常规配方奶粉,牛奶粉,2段,540,56
完达山,1,中国大陆,国产,0.5-1岁,桶装,常规配方奶粉,羊奶粉,2段,536,56
完达山,1.03,中国大陆,国产,0-0.5岁,桶装,常规配方奶粉,牛奶粉,1段,536,56
美赞臣,1.06,荷兰,进口,1-3岁,桶装,常规配方奶粉,牛奶粉,3段,540,55
伊利,0.9,澳洲/新西兰,进口,1-3岁,桶装,常规配方奶粉,牛奶粉,3段,552,54
海普诺凯 ,0.9,荷兰,进口,1-3岁,桶装,常规配方奶粉,牛奶粉,3段,550,54
伊利,0.5,其它　,国产,1-3岁,盒装,常规配方奶粉,牛奶粉,3段,540,54
阳光宝宝,0.4,中国大陆,国产,1-3岁,袋装,常规配方奶粉,牛奶粉,3段,556,53
雅培,0.9,澳洲/新西兰,国产,0-0.5岁,桶装,常规配方奶粉,牛奶粉,1段,560,50
美素,0.9,其它　,进口,0.5-1岁,桶装,常规配方奶粉,牛奶粉,2段,556,50
伊利,1,中国大陆,国产,0-0.5岁,桶装,常规配方奶粉,牛奶粉,1段,570,49
美赞臣,0.6,其它　,国产,1-3岁,桶装,常规配方奶粉,牛奶粉,3段,584,48
美素,0.9,荷兰,进口,0-0.5岁,桶装,常规配方奶粉,牛奶粉,1段,582,48
雀巢,0.9,其它　,国产,3-6岁,桶装,常规配方奶粉,牛奶粉,4段,592,47
圣元,1.1,澳洲/新西兰,国产,1-3岁,桶装,常规配方奶粉,牛奶粉,3段,584,47
明一,1.2,中国大陆,国产,1-3岁,桶装,常规配方奶粉,羊奶粉,3段,596,46
爱达力,0.8,法国,进口,0.5-1岁,桶装,常规配方奶粉,牛奶粉,2段,594,46
德露滋,0.45,德国,进口,0.5-1岁,桶装,常规配方奶粉,牛奶粉,2段,616,45
欢恩宝,0.25,中国大陆,国产,1-3岁,桶装,常规配方奶粉,羊奶粉,3段,612,45
雅姆,0.6,其它　,国产,1-3岁,桶装,常规配方奶粉,羊奶粉,3段,606,45
关山,1,中国大陆,国产,0-0.5岁,桶装,常规配方奶粉,羊奶粉,1段,600,45
羊羊,1.04,中国大陆,国产,1-3岁,桶装,常规配方奶粉,羊奶粉,3段,632,44
君乐宝,0.8,中国大陆,国产,1-3岁,桶装,常规配方奶粉,牛奶粉,3段,624,44
乐博维,1.1,德国,进口,0.5-1岁,桶装,有机奶粉,牛奶粉,2段,620,44
伊利,1.5,其它　,国产,0-0.5岁,盒装,常规配方奶粉,牛奶粉,1段,619.5,44
明一,1.12,澳洲/新西兰,国产,0.5-1岁,桶装,常规配方奶粉,羊奶粉,2段,618,44
雅士利,0.7,其它　,国产,1-3岁,袋装,常规配方奶粉,牛奶粉,3段,656,43
惠氏,1.8,其它　,进口,0-0.5岁,盒装,常规配方奶粉,牛奶粉,1段,654,43
君乐宝,1.1,中国大陆,国产,0-0.5岁,桶装,常规配方奶粉,牛奶粉,1段,648,43
贝因美,0.555,中国大陆,国产,3-6岁,盒装,常规配方奶粉,牛奶粉,4段,644,43
味全,1.8,荷兰,国产,1-3岁,桶装,常规配方奶粉,牛奶粉,3段,667,42
御宝,1.8,中国大陆,国产,0.5-1岁,桶装,常规配方奶粉,羊奶粉,2段,662,42
贝因美,0.9,其它　,国产,0.5-1岁,桶装,常规配方奶粉,牛奶粉,2段,670,41
惠氏,0.9,其它　,国产,1-3岁,桶装,常规配方奶粉,牛奶粉,3段,674,40
惠氏,0.9,其它　,国产,3-6岁,桶装,常规配方奶粉,牛奶粉,4段,672,40
爱睿惠,0.95,澳洲/新西兰,进口,0.5-1岁,桶装,常规配方奶粉,牛奶粉,2段,690,39
美赞臣,1,其它　,国产,1-3岁,盒装,常规配方奶粉,牛奶粉,3段,684,39
三元,1,中国大陆,国产,0.5-1岁,箱装,常规配方奶粉,牛奶粉,2段,676,39
惠氏,0.9,其它　,进口,0-0.5岁,桶装,常规配方奶粉,牛奶粉,1段,676,39
纽贝兰朵,1,中国大陆,国产,1-3岁,桶装,常规配方奶粉,羊奶粉,3段,696,38
雅培,0.9,其它　,进口,1-3岁,桶装,常规配方奶粉,牛奶粉,3段,696,38
澳优,0.8,荷兰,国产,0.5-1岁,桶装,常规配方奶粉,牛奶粉,2段,695,38
美赞臣,0.85,其它　,进口,0-0.5岁,桶装,常规配方奶粉,牛奶粉,1段,692,38
美赞臣,1,荷兰,进口,1-3岁,桶装,有机奶粉,牛奶粉,1段,704,37
伊利,1.2,澳洲/新西兰,国产,0-0.5岁,桶装,常规配方奶粉,牛奶粉,1段,702,37
伊利,0.9,其它　,国产,1-3岁,桶装,常规配方奶粉,牛奶粉,3段,714,36
雅培,0.9,其它　,进口,1-3岁,桶装,常规配方奶粉,牛奶粉,3段,708,36
美赞臣,1.2,其它　,国产,1-3岁,盒装,常规配方奶粉,牛奶粉,3段,714,35
关山,1,中国大陆,国产,1-3岁,桶装,常规配方奶粉,羊奶粉,3段,744,34
雅培,1.2,其它　,国产,0.5-1岁,桶装,常规配方奶粉,牛奶粉,2段,720,34
君乐宝,0.8,中国大陆,国产,1-3岁,桶装,常规配方奶粉,牛奶粉,3段,714,34
关山,1,中国大陆,国产,0-0.5岁,桶装,常规配方奶粉,羊奶粉,1段,774,33
贝因美,1,其它　,国产,0.5-1岁,桶装,常规配方奶粉,牛奶粉,2段,764,33
贝因美,1,其它　,国产,1-3岁,桶装,常规配方奶粉,牛奶粉,3段,752,33
惠氏,0.4,爱尔兰,进口,0-0.5岁,桶装,特殊配方奶粉,牛奶粉,1段,747,33
君乐宝,0.9,中国大陆,国产,0-0.5岁,桶装,常规配方奶粉,牛奶粉,1段,776,32
致睿,1,法国,进口,1-3岁,桶装,常规配方奶粉,牛奶粉,3段,776,32
贝因美,1,中国大陆,国产,1-3岁,桶装,常规配方奶粉,牛奶粉,3段,776,32
人之初,0.4,中国大陆,国产,1-3岁,盒装,常规配方奶粉,牛奶粉,3段,792,31
伊利,0.45,其它　,国产,0-0.5岁,袋装,常规配方奶粉,牛奶粉,1段,784,31
贝因美,1,中国大陆,国产,0-0.5岁,桶装,常规配方奶粉,牛奶粉,1段,780,31
雀巢,0.4,其它　,国产,3-6岁,盒装,常规配方奶粉,牛奶粉,4段,780,31
惠氏,0.8,爱尔兰,进口,0.5-1岁,桶装,常规配方奶粉,牛奶粉,2段,834,30
伊利,0.9,其它　,国产,1-3岁,桶装,常规配方奶粉,牛奶粉,3段,828,30
蒙牛,0.4,其它　,国产,1-3岁,盒装,常规配方奶粉,牛奶粉,3段,820,30
飞鹤,0.5,其它　,国产,3-6岁,盒装,常规配方奶粉,牛奶粉,4段,810,30
多美滋,0.9,其它　,国产,3-6岁,桶装,常规配方奶粉,牛奶粉,4段,834,29
雅培,1.2,其它　,国产,0.5-1岁,箱装,常规配方奶粉,牛奶粉,2段,834,29
美赞臣,0.9,其它　,国产,0.5-1岁,桶装,常规配方奶粉,牛奶粉,2段,900,27
美素,0.9,其它　,进口,0.5-1岁,桶装,常规配方奶粉,牛奶粉,2段,885,27
完达山,0.9,其它　,国产,0.5-1岁,桶装,常规配方奶粉,牛奶粉,2段,885,27
纽瑞滋,1.1,澳洲/新西兰,进口,0.5-1岁,桶装,常规配方奶粉,牛奶粉,2段,885,27
亨氏,0.9,英国,进口,1-3岁,桶装,常规配方奶粉,牛奶粉,3段,885,27
御宝,0.5,中国大陆,国产,3-6岁,盒装,常规配方奶粉,羊奶粉,4段,870,27
飞鹤,0.5,其它　,国产,1-3岁,盒装,常规配方奶粉,牛奶粉,3段,870,27
伊利,0.98,其它　,国产,0.5-1岁,桶装,常规配方奶粉,牛奶粉,2段,870,27
爱能特,1,澳洲/新西兰,国产,1-3岁,桶装,常规配方奶粉,牛奶粉,3段,864,27
完达山,0.5,中国大陆,国产,1-3岁,盒装,常规配方奶粉,牛奶粉,3段,840,27
完达山,0.4,其它　,国产,0.5-1岁,袋装,常规配方奶粉,牛奶粉,2段,837,27
飞鹤,1,中国大陆,国产,1-3岁,桶装,常规配方奶粉,牛奶粉,3段,924,25
羊羊,0.8,中国大陆,国产,0.5-1岁,桶装,常规配方奶粉,羊奶粉,1段,904,25
人之初,0.4,中国大陆,国产,0.5-1岁,盒装,常规配方奶粉,牛奶粉,2段,900,25
高原之宝,0.454,中国大陆,国产,1-3岁,桶装,常规配方奶粉,牛奶粉,3段,960,24
雅培,1.15,其它　,国产,1-3岁,桶装,常规配方奶粉,牛奶粉,3段,930,24
美羚,0.8,中国大陆,国产,1-3岁,桶装,常规配方奶粉,羊奶粉,3段,972,23
贝因美,0.4,其它　,国产,0-0.5岁,盒装,常规配方奶粉,牛奶粉,3段,966,23
贝因美,1,中国大陆,国产,1-3岁,桶装,常规配方奶粉,牛奶粉,3段,1008,22
佳贝艾特,0.19,荷兰,进口,1-3岁,盒装,常规配方奶粉,羊奶粉,3段,1008,22
爱睿惠,1.09,其它　,进口,1-3岁,桶装,常规配方奶粉,牛奶粉,3段,972,22
飞鹤,1.2,其它　,国产,0-0.5岁,盒装,常规配方奶粉,牛奶粉,1段,1030,21
德露滋,0.45,德国,进口,0-0.5岁,桶装,常规配方奶粉,牛奶粉,1段,1016,21
贝因美,0.2,其它　,国产,0.5-1岁,盒装,常规配方奶粉,牛奶粉,2段,1060,20
伊利,0.9,澳洲/新西兰,国产,1-3岁,桶装,常规配方奶粉,牛奶粉,3段,1036,20
贝因美,1,中国大陆,国产,1-3岁,桶装,常规配方奶粉,牛奶粉,3段,1104,19
飞鹤,0.5,其它　,国产,1-3岁,盒装,常规配方奶粉,牛奶粉,3段,1104,19
雀巢,0.9,德国,进口,1-3岁,桶装,常规配方奶粉,牛奶粉,3段,1072,19
美赞臣,1,荷兰,进口,1-3岁,桶装,常规配方奶粉,牛奶粉,3段,1134,18
雀巢,0.8,德国,进口,0.5-1岁,桶装,常规配方奶粉,牛奶粉,2段,1116,18
惠氏,0.4,其它　,进口,0-0.5岁,袋装,常规配方奶粉,牛奶粉,1段,1184,17
飞鹤,1,中国大陆,国产,1-3岁,盒装,常规配方奶粉,牛奶粉,3段,1176,17
益生元,0.12,中国大陆,国产,0.5-1岁,桶装,常规配方奶粉,羊奶粉,2段,1160,17
雀巢,1,其它　,国产,3-6岁,桶装,常规配方奶粉,牛奶粉,4段,1152,17
雅士利,0.8,澳洲/新西兰,国产,0.5-1岁,盒装,常规配方奶粉,牛奶粉,2段,1134,17
御宝,1,中国大陆,国产,1-3岁,桶装,常规配方奶粉,羊奶粉,3段,1188,16
尤爱倍特,0.5,中国大陆,国产,1-3岁,桶装,常规配方奶粉,羊奶粉,3段,1288,15
雀巢,1.2,其它　,国产,1-3岁,盒装,常规配方奶粉,牛奶粉,3段,1232,15
合生元,1,其它　,进口,1-3岁,桶装,常规配方奶粉,牛奶粉,3段,1231,15
雅培,1.1,其它　,国产,0.5-1岁,桶装,常规配方奶粉,牛奶粉,2段,1229,15
Arla奶粉,0.8,其它　,进口,0.5-1岁,桶装,常规配方奶粉,牛奶粉,2段,1212,15
完达山,0.9,其它　,国产,0.5-1岁,桶装,常规配方奶粉,牛奶粉,2段,1368,14
美素,0.9,荷兰,进口,3-6岁,桶装,常规配方奶粉,牛奶粉,4段,1367,14
美赞臣,1.5,其它　,国产,1-3岁,盒装,常规配方奶粉,牛奶粉,3段,1309,14
合生元,1,其它　,进口,1-3岁,桶装,常规配方奶粉,牛奶粉,3段,1308,14
美素,0.9,荷兰,进口,1-3岁,桶装,常规配方奶粉,牛奶粉,3段,1288,14
味全,5.4,荷兰,国产,0.5-1岁,箱装,常规配方奶粉,牛奶粉,2段,1434,13
雀巢,1,中国大陆,国产,1-3岁,桶装,常规配方奶粉,牛奶粉,3段,1428,13
明一,1.2,中国大陆,国产,1-3岁,桶装,常规配方奶粉,羊奶粉,3段,1500,12
完达山,1.05,澳洲/新西兰,国产,0.5-1岁,桶装,常规配方奶粉,羊奶粉,2段,1488,12
花园 黄金牧场,0.4,中国大陆,国产,1-3岁,盒装,常规配方奶粉,牛奶粉,3段,1458,12
雀巢,0.9,其它　,国产,0.5-1岁,桶装,常规配方奶粉,牛奶粉,2段,1582,11
雅培,1.09,中国大陆,国产,1-3岁,桶装,常规配方奶粉,牛奶粉,3段,1501,11
雅培,0.9,其它　,进口,1-3岁,桶装,常规配方奶粉,牛奶粉,3段,1500,11
味全,0.9,荷兰,国产,0.5-1岁,桶装,常规配方奶粉,牛奶粉,2段,1662,10
纽贝滋,0.4,中国大陆,国产,1-3岁,袋装,常规配方奶粉,牛奶粉,3段,1660,10
羊羊,0.57,中国大陆,国产,1-3岁,盒装,常规配方奶粉,羊奶粉,3段,1590,10
伴宝乐,0.9,法国,进口,1-3岁,桶装,有机奶粉,牛奶粉,3段,1776,9
惠氏,1.1,其它　,国产,1-3岁,桶装,常规配方奶粉,牛奶粉,3段,1770,9
圣元,1.1,澳洲/新西兰,国产,3-6岁,桶装,常规配方奶粉,牛奶粉,4段,1770,9
贝因美,0.9,其它　,国产,0.5-1岁,桶装,常规配方奶粉,牛奶粉,2段,1710,9
伊利,0.4,其它　,国产,0.5-1岁,桶装,常规配方奶粉,牛奶粉,2段,1710,9
伊利,0.98,其它　,国产,0.5-1岁,桶装,常规配方奶粉,牛奶粉,2段,1701,9
雀巢,0.4,德国,进口,0-0.5岁,桶装,特殊配方奶粉,牛奶粉,2段,1668,9
辉山,1,中国大陆,国产,0.5-1岁,桶装,常规配方奶粉,牛奶粉,2段,1968,8
伊利,0.45,其它　,国产,0-0.5岁,盒装,常规配方奶粉,牛奶粉,1段,1854,8
御宝,1,其它　,国产,0-0.5岁,桶装,常规配方奶粉,羊奶粉,1段,1848,8
诺优能,0.8,荷兰,进口,3-6岁,桶装,常规配方奶粉,牛奶粉,4段,1788,8
明一,1.2,中国大陆,国产,0.5-1岁,桶装,常规配方奶粉,牛奶粉,2段,1776,8
伊利,0.9,其它　,国产,1-3岁,桶装,常规配方奶粉,牛奶粉,3段,2034,6
飞鹤,0.5,其它　,国产,3-6岁,盒装,常规配方奶粉,牛奶粉,4段,2034,6
明一,1.2,中国大陆,国产,0-0.5岁,桶装,常规配方奶粉,牛奶粉,1段,2208,5
美可高特,5.2,中国大陆,国产,3-6岁,箱装,常规配方奶粉,羊奶粉,4段,2034,5
纽贝兰朵,1,中国大陆,国产,0.5-1岁,桶装,常规配方奶粉,羊奶粉,2段,2469,4
美羚,1.1,中国大陆,国产,3-6岁,桶装,常规配方奶粉,羊奶粉,3段,2208,4
完达山,0.4,中国大陆,国产,1-3岁,袋装,常规配方奶粉,牛奶粉,3段,2544,2
君乐宝,0.8,中国大陆,国产,0-0.5岁,桶装,常规配方奶粉,牛奶粉,1段,2598,1
